department,id,first_name,last_name,ssn,street_address,city,state,zip_code,salary
Dept2,1,Pebrook,Brownsworth,277-32-4451,10628 Grim Terrace,Phoenix,Arizona,85035,88629
Dept3,2,Troy,Searchwell,210-62-2268,31851 Brickson Park Center,Rochester,New York,14639,58327
Dept1,3,Rodge,Hartropp,339-81-3635,16991 Pine View Lane,Corpus Christi,Texas,78465,56104
Dept2,4,Johnath,Udie,430-71-6274,93386 Gina Park,Lake Worth,Florida,33462,112495
Dept2,5,Lizette,Gaul,239-99-6885,9975 Union Place,Tallahassee,Florida,32314,123119
Dept1,6,Conrado,Graffin,380-87-6961,7186 Spohn Way,Indianapolis,Indiana,46278,81402
Dept2,7,Lavina,Holdin,234-56-7653,203 Moose Way,Birmingham,Alabama,35205,83650
Dept3,8,Krissie,Rodmell,495-28-6495,37 Kedzie Way,Pompano Beach,Florida,33064,103493
Dept3,9,Lisha,Loudyan,727-74-0652,39 Sunbrook Center,Kansas City,Missouri,64193,59308
Dept3,10,Janetta,Cattrell,618-83-0312,2106 Rowland Junction,Orlando,Florida,32885,44840
Dept2,11,Pamella,Nowell,386-70-2586,3 2nd Trail,Lexington,Kentucky,40586,94240
Dept3,12,Andie,Rattry,869-93-2161,817 Riverside Court,Great Neck,New York,11024,88655
Dept2,13,Kat,Eberle,339-93-7984,0341 Sullivan Hill,Houston,Texas,77055,104904
Dept2,14,Katharine,Whalebelly,364-13-7517,334 Memorial Park,Jamaica,New York,11436,95530
Dept1,15,Leone,Massey,568-69-3391,3 Kedzie Junction,Hicksville,New York,11854,44978
Dept1,16,Derek,Krzysztofiak,588-30-3672,84 Dwight Crossing,Lubbock,Texas,79452,115120
Dept3,17,Chickie,Herion,867-58-1934,6382 Village Green Place,Springfield,Illinois,62705,46023
Dept3,18,Bonni,Geeritz,343-50-1648,89 Bellgrove Circle,Baton Rouge,Louisiana,70883,76938
Dept1,19,Becca,Edgars,400-15-6262,85180 La Follette Parkway,Saint Paul,Minnesota,55188,82317
Dept3,20,Tim,O'Cullen,728-27-6083,1292 Oxford Avenue,Salt Lake City,Utah,84189,86237
Dept2,21,Claire,Dugget,877-43-0287,6742 Forest Run Way,Albany,New York,12247,95761
Dept2,22,Yankee,Carillo,815-15-2080,42764 5th Junction,Springfield,Illinois,62776,56929
Dept2,23,Udell,Gilliat,469-44-2132,142 Luster Street,Salt Lake City,Utah,84110,56780
Dept2,24,Joceline,Barrus,790-24-4458,741 Little Fleur Point,North Hollywood,California,91616,111965
Dept3,25,Marian,Creavan,236-40-1518,4 Lindbergh Plaza,Honolulu,Hawaii,96810,112441
Dept2,26,Charmion,Vosper,330-37-0700,53 Columbus Park,Indianapolis,Indiana,46207,89808
Dept1,27,Dacie,Lacaze,642-15-8717,22928 Hoffman Drive,Minneapolis,Minnesota,55487,39725
Dept2,28,Aigneis,Hurrion,761-63-9229,54201 Norway Maple Point,Tucson,Arizona,85715,51023
Dept1,29,Rosanna,Pegden,257-91-3092,3824 Debs Center,Reno,Nevada,89519,103881
Dept2,30,Hanny,Boissieux,433-01-6399,8 Red Cloud Hill,Nashville,Tennessee,37250,50269
Dept1,31,Bessy,Carrigan,322-53-9789,55 Fairview Park,Indianapolis,Indiana,46247,102167
Dept2,32,Constantia,Depke,157-81-4099,57611 Hooker Avenue,Chicago,Illinois,60674,85059
Dept2,33,Tades,Diben,859-36-8953,6 Hollow Ridge Plaza,Pueblo,Colorado,81010,118025
Dept3,34,Andriette,MacAllan,687-66-9724,87 Beilfuss Terrace,Washington,District of Columbia,20260,28902
Dept2,35,Linnet,Dyka,732-19-2197,4382 Dunning Crossing,Cleveland,Ohio,44105,75089
Dept1,36,Hermann,Leitch,310-68-0474,53 Crowley Place,Washington,District of Columbia,20215,95095
Dept3,37,Darin,Casazza,312-46-1627,08596 Lunder Avenue,San Diego,California,92121,98952
Dept1,38,Chrotoem,Kirgan,557-59-5978,8589 Melvin Trail,Redwood City,California,94064,32387
Dept3,39,Janeen,Blei,732-37-5494,96 Butternut Pass,Albany,New York,12210,71462
Dept2,40,Maximilien,Tregidga,893-93-3554,597 Monument Place,Scottsdale,Arizona,85260,88438
Dept1,41,Haydon,Jewes,399-21-8008,60958 Anthes Center,Sarasota,Florida,34276,27657
Dept3,42,Tammi,Summerley,560-04-4578,421 Green Ridge Way,Dallas,Texas,75251,68818
Dept3,43,Nicole,Bonnin,835-80-3360,9992 Karstens Drive,Olympia,Washington,98506,94323
Dept2,44,Laurella,Strute,508-91-3171,33421 Hanover Place,Boise,Idaho,83711,26649
Dept3,45,Orran,Priscott,747-03-6901,7 Granby Avenue,Raleigh,North Carolina,27626,100754
Dept3,46,Morgan,Fischer,535-79-8404,036 Ohio Way,Albuquerque,New Mexico,87110,61391
Dept1,47,Dennis,Minney,330-05-4446,7966 Sheridan Terrace,Silver Spring,Maryland,20904,37436
Dept2,48,Chlo,Comberbeach,650-73-0946,06 Kim Circle,Topeka,Kansas,66699,78211
Dept3,49,Lorilee,Filchagin,641-40-5077,4 Aberg Court,Las Vegas,Nevada,89125,104511
Dept3,50,Averil,Itzak,105-69-3504,81766 Canary Hill,Corpus Christi,Texas,78405,88693
Dept1,51,Shelby,Ansett,413-38-2305,6 Del Mar Way,Atlanta,Georgia,30392,79676
Dept3,52,Rasla,Le Leu,581-03-7060,19808 Pond Plaza,Houston,Texas,77050,79139
Dept1,53,Wendall,Khomishin,482-03-5417,52 Alpine Junction,Oklahoma City,Oklahoma,73109,84184
Dept2,54,Palm,Arntzen,894-83-3576,61477 Kipling Plaza,Albany,New York,12205,95882
Dept2,55,Celisse,Fulop,442-78-9565,901 Drewry Terrace,Salt Lake City,Utah,84145,100117
Dept3,56,Rani,Mandrier,349-52-7762,09887 Rieder Place,Pittsburgh,Pennsylvania,15250,57007
Dept2,57,Vinni,Putt,536-30-6753,79 Veith Street,Cape Coral,Florida,33915,103901
Dept2,58,Lynnet,Slader,264-94-6955,09 Monument Pass,Saint Petersburg,Florida,33710,123251
Dept2,59,Jaquelyn,Pleven,118-06-3174,069 Kim Hill,Rochester,New York,14609,39672
Dept2,60,Renault,Puttergill,252-47-0864,0 Logan Avenue,Idaho Falls,Idaho,83405,101987
Dept3,61,Rori,Spedding,275-43-1306,26 Huxley Hill,Sarasota,Florida,34233,75078
Dept2,62,Nevsa,Semon,248-76-5550,972 Walton Center,San Antonio,Texas,78260,88305
Dept1,63,Sonja,Harlett,185-08-8189,1083 Holy Cross Alley,West Palm Beach,Florida,33421,39799
Dept1,64,Tommie,Stubbins,543-54-9544,2 Grim Trail,Mobile,Alabama,36641,81177
Dept2,65,Annadiana,Macveigh,734-65-1788,293 Kensington Avenue,Newark,New Jersey,07104,70420
Dept1,66,Franklyn,Darnell,165-61-2680,1 Chive Parkway,Amarillo,Texas,79118,64062
Dept1,67,Neely,Woodburne,407-45-4492,91753 Garrison Road,Flint,Michigan,48505,104893
Dept1,68,Yuma,Tivolier,499-55-3734,0 Grasskamp Street,Oakland,California,94660,85488
Dept3,69,Shepperd,Duchan,557-49-9249,87 Bluejay Alley,Richmond,Virginia,23277,55878
Dept1,70,Vickie,Clempton,519-14-5129,52 Mallard Avenue,Plano,Texas,75074,51066
Dept2,71,Ardella,Mostin,387-04-4202,72172 Hooker Junction,Naperville,Illinois,60567,71014
Dept1,72,Farrel,Scholefield,166-76-6402,96988 Dovetail Crossing,Phoenix,Arizona,85045,110514
Dept1,73,Reggi,Fessler,239-58-5000,2318 Evergreen Point,Oakland,California,94605,31407
Dept3,74,Grissel,Dinse,779-73-3046,331 Coleman Crossing,Indianapolis,Indiana,46202,109449
Dept1,75,Gare,Duckers,583-91-0986,5908 Grayhawk Center,Young America,Minnesota,55557,108515
Dept3,76,Conn,Philipart,897-60-3659,54 Declaration Center,Orange,California,92867,81542
Dept1,77,Anatole,Boch,200-79-3098,0041 Sundown Court,Naples,Florida,34102,107096
Dept2,78,Conan,Pieper,636-72-8649,11991 Lillian Parkway,San Antonio,Texas,78225,60980
Dept3,79,Rori,Graveson,258-23-1477,614 Sutteridge Avenue,San Francisco,California,94126,105314
Dept1,80,Alfie,Poulden,814-83-5978,3 Green Ridge Trail,Sacramento,California,95894,41723
Dept1,81,Elbert,Maylott,832-50-3951,293 Eastlawn Way,Springfield,Illinois,62794,94862
Dept2,82,Augy,Blackborough,281-41-0827,47303 Coleman Trail,Columbus,Ohio,43268,75244
Dept3,83,Trudie,Nickolls,505-12-6697,4943 Oxford Road,Columbia,South Carolina,29240,61805
Dept2,84,Ade,Guppy,114-29-8241,94 Brown Place,Richmond,Virginia,23220,52123
Dept1,85,Cordelie,Kirrage,509-81-8616,0 Brentwood Plaza,Charlotte,North Carolina,28225,46078
Dept1,86,Gabriel,Maidment,646-15-3798,67 Crescent Oaks Road,Bradenton,Florida,34205,25259
Dept3,87,Stephen,Barwick,234-07-1163,66045 Thompson Park,Boise,Idaho,83732,86448
Dept3,88,Court,Geratasch,353-43-5828,7 Dryden Park,Spokane,Washington,99215,49228
Dept1,89,Bradford,Offiler,639-30-0701,69 Menomonie Trail,Midland,Michigan,48670,74772
Dept2,90,Marcelia,Motte,487-80-7312,8 Holmberg Place,Oakland,California,94605,58177
Dept3,91,Gretchen,Douberday,108-19-0253,19660 Carberry Center,Herndon,Virginia,22070,99030
Dept1,92,Maryann,Juett,232-63-3390,103 Emmet Junction,Little Rock,Arkansas,72231,115173
Dept3,93,Adelaida,Bamforth,546-57-7662,033 Dakota Court,Kansas City,Missouri,64179,77192
Dept1,94,Grayce,Muckian,518-64-7427,93 Basil Pass,Texarkana,Texas,75507,57465
Dept3,95,Yetta,Gomme,667-47-7770,8502 Saint Paul Crossing,Sioux Falls,South Dakota,57105,78126
Dept3,96,Aurilia,Vigneron,114-62-0305,104 Elka Way,Berkeley,California,94705,120367
Dept1,97,Noelle,Fike,233-66-0035,3949 Linden Avenue,Waco,Texas,76796,55850
Dept1,98,Rebecka,Djurisic,601-85-6628,7306 Basil Hill,Richmond,California,94807,53402
Dept2,99,Mia,Kopje,222-44-4449,782 Old Shore Junction,Fort Myers,Florida,33913,93403
Dept2,100,Connie,Holleran,645-84-9014,2915 Artisan Terrace,Kansas City,Kansas,66105,46561
Dept1,101,Benjie,Febry,196-87-2560,7731 South Trail,Washington,District of Columbia,20370,44158
Dept3,102,Fawn,Worlidge,123-89-8558,83 Jenna Park,Charlotte,North Carolina,28289,80326
Dept2,103,Tamas,Dovington,493-05-1286,69 Browning Road,Idaho Falls,Idaho,83405,95988
Dept1,104,Carissa,Tunnoch,684-28-4975,0 Golf Hill,Honolulu,Hawaii,96835,32344
Dept1,105,Arin,Tidey,105-03-7197,8629 Onsgard Crossing,Orlando,Florida,32813,112048
Dept3,106,Darcy,Beavon,285-59-3747,9 Cody Avenue,Roanoke,Virginia,24048,53956
Dept2,107,Emilio,Morshead,538-62-2018,15 Hayes Point,Jamaica,New York,11436,49116
Dept3,108,Justinian,Dahmel,456-20-5568,48331 Talisman Terrace,Nashville,Tennessee,37220,118394
Dept2,109,Gordy,Farnon,111-46-4081,5134 Oak Valley Court,Indianapolis,Indiana,46247,48081
Dept2,110,Jorge,Dinnies,801-26-1886,2635 Swallow Terrace,Milwaukee,Wisconsin,53220,70504
Dept1,111,Raymund,Sapauton,881-06-2479,977 Eliot Road,South Bend,Indiana,46620,86259
Dept1,112,Faye,Northway,458-81-2194,532 Charing Cross Pass,El Paso,Texas,79994,89721
Dept2,113,Conrad,McPeice,579-49-5994,841 Clove Place,Winter Haven,Florida,33884,35585
Dept2,114,Cathyleen,Petrovic,450-22-6965,24171 Thackeray Hill,New Haven,Connecticut,06510,76293
Dept1,115,Earl,McGunley,246-21-7017,6989 Eagan Terrace,Elizabeth,New Jersey,07208,70475
Dept3,116,Laird,Stell,328-67-1345,9443 Sloan Avenue,Cleveland,Ohio,44130,30578
Dept3,117,Magda,Loveland,419-60-6481,7064 Milwaukee Junction,Shreveport,Louisiana,71105,79945
Dept1,118,Vic,Gabriely,578-51-1107,83470 Donald Junction,Murfreesboro,Tennessee,37131,41858
Dept3,119,Zenia,Wellum,601-29-9084,103 Glendale Road,Kansas City,Missouri,64144,47622
Dept1,120,Lynde,Lakin,628-46-0955,1434 Loomis Trail,Bloomington,Indiana,47405,99610
Dept1,121,Emilee,Orme,345-33-9644,407 Dakota Plaza,Honolulu,Hawaii,96825,51658
Dept2,122,Ermina,Sunley,512-96-1961,6096 Stang Drive,Houston,Texas,77005,103542
Dept1,123,Wilone,Banaszkiewicz,339-51-2563,6894 Autumn Leaf Alley,North Las Vegas,Nevada,89036,102667
Dept2,124,Ricard,Sidden,393-43-1367,8 Vidon Avenue,Washington,District of Columbia,20397,47022
Dept3,125,Jory,Geist,520-37-4151,7 Oakridge Pass,London,Kentucky,40745,93346
Dept2,126,Leupold,Fendlen,699-20-9728,67788 Manufacturers Plaza,Fresno,California,93721,54255
Dept2,127,Cherice,Kinglake,416-69-9632,49718 Hoepker Crossing,Miami,Florida,33283,33168
Dept2,128,Dorice,Brunroth,781-34-0635,63 Elmside Court,Los Angeles,California,90055,107830
Dept2,129,Sampson,Whittle,222-18-6254,3 7th Lane,Clearwater,Florida,34615,50079
Dept3,130,Malvina,McAvinchey,481-33-5970,82949 Fairfield Drive,Hartford,Connecticut,06160,51584
Dept3,131,Clerkclaude,Alforde,875-38-4120,473 Mandrake Alley,Peoria,Illinois,61635,56863
Dept2,132,Alina,Claffey,520-03-5985,8 Kings Way,Bradenton,Florida,34282,97597
Dept1,133,Arne,Dainton,184-48-2381,3124 Warrior Junction,Stamford,Connecticut,06905,103706
Dept3,134,Brana,Abson,140-14-5699,1873 Buell Court,Riverside,California,92519,101664
Dept1,135,Davidson,Colten,629-68-5374,67 Hallows Circle,Portland,Oregon,97240,40161
Dept3,136,Romeo,Pow,549-77-2267,97727 Ohio Junction,Tyler,Texas,75705,66287
Dept1,137,Fedora,Beggin,461-33-1142,2 Sutherland Street,Detroit,Michigan,48211,68411
Dept2,138,Olva,Thowless,193-80-5698,2120 Roxbury Pass,Oklahoma City,Oklahoma,73119,67984
Dept3,139,Bessie,Meeson,236-66-2257,1 Dapin Junction,Young America,Minnesota,55551,62313
Dept1,140,Orella,Sodor,743-01-1931,24 Elmside Hill,New Orleans,Louisiana,70124,48624
Dept3,141,Wynny,Sharples,119-42-4046,0 Ridge Oak Circle,Washington,District of Columbia,20210,56391
Dept2,142,Mab,Sodory,622-85-5636,61 Hanson Alley,Arlington,Texas,76096,123051
Dept1,143,Kit,Blaxeland,356-79-2698,416 Mandrake Plaza,Orlando,Florida,32854,25010
Dept1,144,Susie,Claypoole,261-02-7685,607 Arrowood Road,San Diego,California,92115,71064
Dept2,145,Tuckie,Tomasik,768-06-4956,32 Lotheville Hill,Oakland,California,94660,102602
Dept2,146,Ulrica,Moral,816-13-8745,90278 International Park,Philadelphia,Pennsylvania,19172,85161
Dept2,147,Noellyn,Persitt,737-86-8088,65991 Harper Way,Philadelphia,Pennsylvania,19120,31195
Dept2,148,Dina,Bocke,679-15-2811,6541 Lien Point,Sacramento,California,94263,113792
Dept2,149,Edin,Lamar,653-16-9345,6150 Badeau Drive,Decatur,Georgia,30089,67117
Dept3,150,Bunnie,Wiggett,814-78-6914,913 Buena Vista Court,Stamford,Connecticut,06922,55961
Dept3,151,Halette,Martindale,646-36-9151,3 Anhalt Alley,Omaha,Nebraska,68105,63149
Dept1,152,Jerry,Gianotti,870-95-2727,01 Corry Road,San Antonio,Texas,78245,103879
Dept3,153,Nicolas,Culpan,261-93-5619,5056 Armistice Way,Colorado Springs,Colorado,80905,60661
Dept3,154,Kaitlin,Angrick,665-15-4581,03 Mayfield Court,Baltimore,Maryland,21211,80069
Dept1,155,Erna,Rootes,482-04-7976,60 Sloan Alley,Salt Lake City,Utah,84130,70364
Dept1,156,Stephanus,Patley,245-63-9666,0317 Havey Hill,Cleveland,Ohio,44118,31831
Dept1,157,Lind,Killoran,614-29-8510,9358 Arapahoe Point,Buffalo,New York,14269,55495
Dept2,158,Janie,Houlison,373-34-1089,02460 Oxford Point,Chicago,Illinois,60619,45968
Dept2,159,Christa,Dahlborg,607-37-5597,7617 Melby Hill,Metairie,Louisiana,70033,118521
Dept2,160,Jakob,Vickress,788-83-8143,04 Stone Corner Avenue,Fort Pierce,Florida,34949,115501
Dept2,161,Lisa,Stave,817-27-2188,8416 Atwood Court,Port Charlotte,Florida,33954,69283
Dept2,162,Kaila,Brewitt,210-19-9525,29796 Sullivan Way,Edmond,Oklahoma,73034,60024
Dept2,163,Sascha,Annand,490-04-5241,0151 Sunnyside Lane,Baltimore,Maryland,21203,35448
Dept2,164,Charmane,Diaper,562-07-2211,953 Parkside Avenue,Columbus,Georgia,31904,93171
Dept3,165,Turner,Gilbeart,805-41-5784,205 Mandrake Street,Des Moines,Iowa,50393,33609
Dept3,166,Skelly,Pott,403-59-2799,22631 Bultman Junction,Washington,District of Columbia,20046,45391
Dept3,167,Mile,Collister,212-82-6632,56 Schlimgen Avenue,South Bend,Indiana,46614,72150
Dept2,168,Raymond,Jeskins,150-78-0323,39416 Brickson Park Park,El Paso,Texas,79940,80986
Dept1,169,Algernon,Neath,424-05-0742,6756 Petterle Lane,Lincoln,Nebraska,68583,69374
Dept3,170,Colly,Schubuser,306-84-5473,14 Kingsford Pass,Boston,Massachusetts,02283,69800
Dept2,171,Mommy,Trembey,893-44-4346,13 Valley Edge Plaza,West Palm Beach,Florida,33405,29941
Dept3,172,Bartolomeo,Kittless,711-39-6200,65 Lake View Park,Annapolis,Maryland,21405,44304
Dept3,173,Juliana,Tallquist,200-26-1685,9 Sage Hill,Las Vegas,Nevada,89140,69087
Dept1,174,Jamesy,Deller,395-49-3607,14288 Scott Point,Punta Gorda,Florida,33982,36790
Dept1,175,Laney,Edgeon,833-59-7038,4 Surrey Lane,Chicago,Illinois,60636,122735
Dept1,176,Salem,Romney,296-14-0539,98031 Forest Dale Street,Little Rock,Arkansas,72209,109695
Dept3,177,Shirlee,Enderle,660-40-2053,300 Wayridge Park,El Paso,Texas,88558,88998
Dept3,178,Liva,Bowdrey,416-90-8380,01 Milwaukee Lane,Roanoke,Virginia,24029,26233
Dept3,179,Betteanne,Londesborough,162-20-5086,8 Marcy Plaza,Cleveland,Ohio,44118,80410
Dept2,180,Geralda,Polon,552-81-3941,56 Maryland Park,Dallas,Texas,75251,57431
Dept1,181,Judy,Lines,200-42-3866,7711 Drewry Center,Baton Rouge,Louisiana,70815,100293
Dept1,182,Rebeka,Mouncher,262-74-9530,3863 Novick Pass,Portsmouth,New Hampshire,03804,30153
Dept2,183,Etheline,Sperring,696-70-5598,7872 Katie Lane,Dayton,Ohio,45454,46946
Dept3,184,Parnell,McKinna,209-40-0295,823 Fair Oaks Plaza,Chicago,Illinois,60636,102413
Dept1,185,Tiffani,Teck,661-33-5682,570 Ohio Point,Tuscaloosa,Alabama,35405,51900
Dept1,186,Tobit,Tapley,124-81-4967,63718 Bellgrove Alley,Houston,Texas,77045,59841
Dept2,187,Wendell,Juara,732-79-6417,2 Caliangt Hill,Amarillo,Texas,79105,32993
Dept3,188,Jobina,Shearmur,577-11-1030,12 Bayside Pass,Reno,Nevada,89510,90843
Dept2,189,Tabbie,Bagnall,799-13-6907,44 Charing Cross Alley,Staten Island,New York,10310,120357
Dept3,190,Arleen,Eymer,200-85-1228,63 Birchwood Avenue,Baton Rouge,Louisiana,70820,110685
Dept3,191,Iris,O'Cridigan,423-11-5800,9463 Tennyson Park,Dayton,Ohio,45470,48618
Dept3,192,Dacie,Lightning,475-46-1988,52 Marcy Center,Lansing,Michigan,48901,70866
Dept2,193,Sal,Collman,821-42-7124,67826 Bonner Place,Topeka,Kansas,66617,33643
Dept2,194,Uriel,Norgan,608-72-3722,1 North Court,Grand Rapids,Michigan,49544,76058
Dept2,195,Faith,Millins,686-06-0821,587 Pankratz Plaza,Cincinnati,Ohio,45203,93352
Dept2,196,Masha,Cornwell,762-12-4657,2 Birchwood Center,Memphis,Tennessee,38126,100002
Dept2,197,Adrianna,Percy,857-72-6903,8 Armistice Alley,Alexandria,Virginia,22333,66201
Dept3,198,Phil,Baison,196-17-1722,356 Springs Junction,Fort Worth,Texas,76134,78615
Dept1,199,Ciel,Callington,877-79-3464,37 Red Cloud Street,Woburn,Massachusetts,01813,102768
Dept3,200,Husein,Bartusek,475-65-9806,78 6th Alley,Erie,Pennsylvania,16510,78934
Dept1,201,Eada,Rutty,727-17-3467,87 Helena Alley,San Francisco,California,94137,54044
Dept2,202,Ev,Leyrroyd,893-92-6160,9 Lotheville Trail,Mobile,Alabama,36628,62243
Dept3,203,Creight,Bramsom,288-60-1436,45 Lotheville Circle,Charleston,West Virginia,25313,101287
Dept3,204,Bambie,Kitchenside,496-97-8070,2 Buell Road,Oklahoma City,Oklahoma,73109,88676
Dept3,205,Clerc,Wildblood,848-45-0513,5 Sauthoff Circle,Miami,Florida,33283,30921
Dept2,206,Erika,Domokos,228-92-7626,62712 Claremont Avenue,Stamford,Connecticut,06905,87327
Dept3,207,Chip,Rosendall,640-36-4144,7 Novick Street,Pueblo,Colorado,81005,117943
Dept1,208,Niccolo,Syalvester,840-99-1876,98256 Dexter Pass,Tampa,Florida,33615,80939
Dept2,209,Ynes,Gerner,413-10-5078,72 Huxley Plaza,Salt Lake City,Utah,84135,82768
Dept1,210,Ellary,Ryles,443-54-1255,751 Arkansas Court,Erie,Pennsylvania,16510,38094
Dept1,211,Carly,Boc,250-54-4203,07 Lindbergh Hill,New York City,New York,10024,60143
Dept3,212,Kata,Heynen,658-23-4326,9 Nevada Lane,San Francisco,California,94164,25630
Dept3,213,Lyndsay,McKeurtan,764-20-7625,866 Sundown Park,Sarasota,Florida,34276,88646
Dept3,214,Rudd,McKeon,772-31-6585,3027 Cardinal Avenue,Worcester,Massachusetts,01605,121923
Dept2,215,Jasen,Rupert,822-51-5398,72347 Vera Road,Newark,Delaware,19725,58930
Dept1,216,Garrott,Sebastian,179-62-1570,65450 Carpenter Court,Billings,Montana,59112,118526
Dept3,217,Caritta,Benedite,676-55-4153,66851 Rockefeller Drive,Des Moines,Iowa,50335,69624
Dept3,218,Winifred,Kubatsch,192-95-1123,526 Victoria Pass,Fort Lauderdale,Florida,33330,90513
Dept2,219,Myrle,Keward,307-63-4168,619 Texas Place,Mobile,Alabama,36628,115716
Dept2,220,Koressa,Kleis,408-50-0068,4 Granby Place,Gadsden,Alabama,35905,61463
Dept1,221,Helaine,Trench,885-10-1646,44 Manufacturers Street,Greenville,South Carolina,29610,97512
Dept2,222,Patrick,Calley,783-75-0620,80161 Porter Crossing,Youngstown,Ohio,44555,98744
Dept1,223,Ulrike,Karpov,566-15-9079,6671 Steensland Crossing,Racine,Wisconsin,53405,32173
Dept3,224,Carmina,Foyle,264-33-1797,24 Waubesa Crossing,Paterson,New Jersey,07505,43676
Dept2,225,Borg,Fyall,736-57-8409,389 Tennessee Avenue,Youngstown,Ohio,44555,42230
Dept2,226,Charla,Reolfi,398-94-6539,8992 Rieder Terrace,San Francisco,California,94164,121161
Dept3,227,Pat,Saffran,569-99-9057,2 Transport Trail,San Francisco,California,94132,49130
Dept1,228,Merci,Garett,119-73-6676,26 Mcguire Road,El Paso,Texas,79916,107744
Dept3,229,Isidor,Tythe,404-88-2987,4350 Fair Oaks Street,San Diego,California,92170,31645
Dept2,230,Zara,Darko,655-58-3916,0560 Londonderry Avenue,Saint Paul,Minnesota,55166,110396
Dept1,231,Lucio,Braybrooke,372-24-3299,96 Kingsford Way,Buffalo,New York,14205,42444
Dept3,232,Evie,Ulrik,158-63-2555,557 Lake View Way,Albany,New York,12210,110043
Dept3,233,Forster,Repper,540-16-4196,76 Pawling Terrace,Boise,Idaho,83722,63236
Dept1,234,Terrijo,Augustin,465-80-8168,6091 Dixon Park,Macon,Georgia,31296,61274
Dept3,235,Arturo,Vallens,652-99-9782,587 Kings Point,Los Angeles,California,90010,74601
Dept2,236,Shauna,McSperrin,798-09-4131,6009 Briar Crest Point,Mobile,Alabama,36689,100479
Dept3,237,Raychel,Castrillo,447-06-5423,806 Scofield Road,Fort Lauderdale,Florida,33345,111830
Dept3,238,Edie,Brabban,302-89-4212,0705 Carey Parkway,Tulsa,Oklahoma,74193,68138
Dept1,239,Ibby,Miettinen,391-29-3906,9497 Prairie Rose Road,Dayton,Ohio,45414,56289
Dept1,240,Pernell,Slator,572-07-2464,3167 Graceland Lane,Knoxville,Tennessee,37919,41058
Dept2,241,Kiley,Winders,468-67-3211,65798 Portage Way,Pensacola,Florida,32511,107941
Dept3,242,Silvanus,Rahl,584-29-6937,035 Rowland Crossing,San Antonio,Texas,78240,121225
Dept2,243,Lynde,Baiden,663-33-2323,66840 Stone Corner Pass,Saint Paul,Minnesota,55146,121403
Dept3,244,Genna,Onions,577-59-2117,5842 Orin Way,Lynchburg,Virginia,24503,93830
Dept2,245,Leodora,Bence,321-65-8394,12671 Garrison Way,San Diego,California,92160,107339
Dept3,246,Marney,Totton,199-53-1088,04535 Monterey Parkway,Shawnee Mission,Kansas,66220,77979
Dept2,247,Jerald,Staff,110-72-7883,6 Lillian Way,Beaumont,Texas,77713,93799
Dept2,248,Ara,Beadham,163-12-6079,90 Dakota Terrace,Chicago,Illinois,60624,63415
Dept3,249,Flora,Cund,118-14-2024,9 Evergreen Hill,Wichita,Kansas,67220,91619
Dept3,250,Adrian,Ravens,635-48-1680,35274 Jackson Circle,Waterbury,Connecticut,06721,40957
Dept2,251,Armstrong,Schaffel,570-94-8064,8 Towne Lane,Erie,Pennsylvania,16550,29524
Dept3,252,Ursuline,Hune,291-81-7476,24 Bunting Street,Milwaukee,Wisconsin,53225,57058
Dept2,253,Ruthi,Glanfield,394-48-7327,49 Shopko Pass,Phoenix,Arizona,85005,31333
Dept1,254,Cymbre,Woodhams,531-39-2273,6790 Corben Hill,Virginia Beach,Virginia,23459,96031
Dept1,255,Doy,Spier,850-16-3285,040 Sycamore Plaza,Indianapolis,Indiana,46295,80612
Dept3,256,Tye,Behnen,892-85-2812,58857 Kinsman Lane,Hayward,California,94544,45676
Dept2,257,Aimee,Geleman,841-89-5950,87287 Carey Terrace,Dallas,Texas,75387,84671
Dept2,258,Armando,Loder,856-01-7784,55710 Fair Oaks Drive,Crawfordsville,Indiana,47937,29146
Dept3,259,Padraig,Hargreves,196-41-2124,97609 Nova Drive,Charlotte,North Carolina,28278,98232
Dept2,260,Nessy,Gallegos,273-56-9362,853 Schmedeman Park,Salem,Oregon,97306,79299
Dept1,261,Jeremy,Smillie,400-43-5169,7374 Hansons Park,Atlanta,Georgia,30386,71981
Dept2,262,Jolee,Domb,592-56-5501,442 Mallory Plaza,Tulsa,Oklahoma,74170,63335
Dept1,263,Kalli,Evreux,474-50-3373,06 Kinsman Lane,Tacoma,Washington,98442,48824
Dept2,264,Jamison,Colliard,362-02-7475,5 Cardinal Park,Orlando,Florida,32819,44787
Dept3,265,Bernhard,Sigge,322-01-4072,251 Hermina Center,Saint Louis,Missouri,63180,106683
Dept1,266,Shena,Rutherfoord,245-22-1698,0 Loftsgordon Point,Ogden,Utah,84409,37689
Dept1,267,Monique,Sibary,857-45-0790,05254 Autumn Leaf Center,Knoxville,Tennessee,37914,53209
Dept1,268,Lynne,Tettersell,336-02-5496,94 Spenser Way,Fairfield,Connecticut,06825,36096
Dept2,269,Elisabetta,Mil,166-88-0514,972 Dawn Way,Newark,New Jersey,07188,58729
Dept3,270,Barbara-anne,Gouldthorp,505-75-7320,48 Chinook Junction,Duluth,Georgia,30096,103704
Dept2,271,Ricky,Calvard,364-78-8790,4 Warbler Parkway,Lexington,Kentucky,40505,124228
Dept3,272,Alena,Nouch,650-34-8822,98235 Bobwhite Circle,Phoenix,Arizona,85067,105920
Dept2,273,Camella,Cutsforth,786-45-7907,47 Stuart Alley,Tulsa,Oklahoma,74156,34750
Dept1,274,Udall,LeEstut,598-22-5665,11117 Amoth Avenue,Kansas City,Missouri,64142,29285
Dept2,275,Tawnya,Semmens,727-85-8142,0467 Prairieview Drive,Tampa,Florida,33661,33696
Dept1,276,Myranda,Drinkhall,541-73-0455,9854 Mesta Pass,Kissimmee,Florida,34745,107660
Dept3,277,Julianne,De Ruggero,641-16-1665,85591 Dwight Avenue,El Paso,Texas,88563,46212
Dept3,278,Rhiamon,Leffek,631-89-9533,774 Kingsford Trail,Springfield,Massachusetts,01114,74504
Dept1,279,Angus,Konmann,760-65-3239,6044 Bunting Center,San Diego,California,92121,109119
Dept3,280,Aindrea,Culligan,567-50-5866,1181 Independence Court,Chattanooga,Tennessee,37405,101180
Dept2,281,Emmye,Blueman,438-89-3843,5506 Gerald Drive,New York City,New York,10175,79474
Dept3,282,Leora,Rochell,829-98-9219,4 Arizona Park,Springfield,Virginia,22156,110049
Dept1,283,Dud,Neilson,134-17-3426,75179 Stoughton Park,Hamilton,Ohio,45020,67719
Dept2,284,Reidar,Thomson,319-99-9856,6 Emmet Avenue,Chattanooga,Tennessee,37450,73352
Dept3,285,Allx,Jervis,500-55-5427,96520 Surrey Park,Anderson,South Carolina,29625,54657
Dept2,286,Juline,Norquay,187-24-5163,219 Sunbrook Street,Kansas City,Kansas,66112,38773
Dept2,287,Thurstan,Cabedo,270-13-5295,00592 Coleman Street,Washington,District of Columbia,20599,58573
Dept2,288,Barron,Sachno,415-38-7047,457 Vermont Alley,Albuquerque,New Mexico,87180,101588
Dept3,289,Wes,Le Gallo,191-98-6548,7632 Hooker Hill,Macon,Georgia,31217,26215
Dept2,290,Bev,Jouhandeau,819-38-9604,27 Hayes Hill,Boca Raton,Florida,33499,32009
Dept3,291,Nicholas,Bovey,273-22-5990,93 Schlimgen Center,Spartanburg,South Carolina,29305,53988
Dept2,292,Jerrold,Spawell,219-24-1330,16 Mendota Center,Portland,Oregon,97229,78845
Dept1,293,Kahlil,Nasi,417-29-1363,08 Portage Drive,Washington,District of Columbia,20430,110338
Dept2,294,Cyrus,Sworn,478-08-8825,943 Namekagon Drive,Las Vegas,Nevada,89155,120697
Dept2,295,Ddene,Schleswig-Holstein,537-48-6482,2 Briar Crest Alley,Oakland,California,94627,121317
Dept1,296,Evanne,Burnsyde,214-07-3435,0791 Valley Edge Trail,Orange,California,92862,33894
Dept1,297,Sumner,Heintzsch,822-01-0982,4 Northwestern Court,Miami,Florida,33153,118632
Dept1,298,Lorena,Tilio,643-48-5360,00720 Gale Terrace,Roanoke,Virginia,24034,59573
Dept3,299,Francisco,Corss,142-29-8446,88 Loeprich Point,Boynton Beach,Florida,33436,65125
Dept1,300,Jdavie,Bruinsma,332-99-9650,5897 Bayside Pass,Toledo,Ohio,43605,61528
Dept1,301,Etheline,Brum,499-43-1812,67580 Warner Court,Saint Louis,Missouri,63116,113676
Dept1,302,Cameron,Menelaws,852-02-6221,1496 Harper Way,Rockford,Illinois,61105,92735
Dept3,303,Sherrie,Cockshtt,258-83-8954,8156 Reinke Place,Scottsdale,Arizona,85255,45928
Dept3,304,Althea,Snelgar,196-87-0500,3 Eggendart Way,Dayton,Ohio,45432,42768
Dept3,305,Sven,Gittoes,487-59-1838,11 6th Alley,Oklahoma City,Oklahoma,73142,102131
Dept1,306,Napoleon,Ingyon,852-35-9882,61 Brown Pass,Colorado Springs,Colorado,80915,47297
Dept3,307,Etienne,Weinmann,831-42-6473,09 Golf Course Junction,Oklahoma City,Oklahoma,73119,84525
Dept3,308,Nobie,Hancill,118-45-9785,508 Anderson Avenue,Mc Keesport,Pennsylvania,15134,59912
Dept2,309,Andrej,Mitchelson,847-58-2977,210 Mesta Circle,Greenville,South Carolina,29615,49003
Dept3,310,Klarika,Tichelaar,320-91-8682,4200 Milwaukee Drive,Wilmington,Delaware,19897,86863
Dept1,311,Jeane,Jankowski,341-62-4651,01231 Union Drive,Youngstown,Ohio,44555,29345
Dept3,312,Harri,McComiskey,835-47-9161,92 Paget Circle,Bloomington,Indiana,47405,113735
Dept2,313,Christiano,Quittonden,845-18-2998,89987 Nova Pass,Norfolk,Virginia,23504,118711
Dept1,314,Ralina,Laphorn,897-33-9426,1 Washington Park,Winston Salem,North Carolina,27150,114607
Dept3,315,Berny,Sowle,744-92-0755,41123 Thompson Drive,Washington,District of Columbia,20078,74526
Dept3,316,Gerri,Selley,862-47-2705,4351 Prentice Point,Las Vegas,Nevada,89105,95599
Dept3,317,Margie,O'Murtagh,376-37-0096,4 Evergreen Parkway,Chicago,Illinois,60619,39799
Dept2,318,Fidelia,Landman,177-32-3076,498 Meadow Vale Plaza,Minneapolis,Minnesota,55417,32156
Dept2,319,Ray,Meadowcraft,446-98-9982,0930 Main Avenue,Indianapolis,Indiana,46216,74515
Dept2,320,Gilberte,Hungerford,649-43-0017,0 Michigan Park,Odessa,Texas,79764,64795
Dept3,321,Zacharia,Andrejevic,842-19-0888,6185 Union Center,Sandy,Utah,84093,57481
Dept2,322,Willette,Buss,759-26-0476,9 Shopko Parkway,Manassas,Virginia,22111,123434
Dept1,323,Taryn,Plom,246-03-1466,53647 Express Place,San Jose,California,95160,109332
Dept1,324,Camille,Winslet,548-18-7868,28609 Jenna Place,Nashville,Tennessee,37250,60638
Dept1,325,Ketty,Stebbins,400-32-8285,61 Ridge Oak Center,Erie,Pennsylvania,16565,89978
Dept2,326,Clayborne,McMyler,696-21-5777,43 Sunbrook Avenue,Saginaw,Michigan,48604,92218
Dept1,327,Donnie,Shipton,235-13-6424,1 Arkansas Road,Baton Rouge,Louisiana,70894,26082
Dept3,328,Jeanelle,Bennie,141-95-1571,97 Sherman Trail,Las Vegas,Nevada,89145,95062
Dept3,329,Michell,Pedro,395-18-8515,481 Dennis Point,Knoxville,Tennessee,37919,124061
Dept1,330,Georgiana,Stickley,874-19-9898,17847 Hazelcrest Terrace,Austin,Texas,78754,65556
Dept3,331,Patti,Chapier,198-37-4417,1 Drewry Terrace,Raleigh,North Carolina,27610,36130
Dept2,332,Inessa,Hunnam,601-92-9123,0 Golf View Street,Los Angeles,California,90101,77976
Dept1,333,Nata,Grabham,388-30-9293,47 Kinsman Point,San Antonio,Texas,78245,81389
Dept1,334,Meriel,Flement,260-85-5511,12216 Onsgard Crossing,Houston,Texas,77228,73257
Dept2,335,Donny,O'Siaghail,460-77-0205,189 Toban Way,Winston Salem,North Carolina,27150,40943
Dept3,336,Aldo,Castagna,235-77-2020,09573 Prentice Street,Baltimore,Maryland,21282,71674
Dept3,337,Luke,Innis,849-07-1638,6 Lunder Way,Toledo,Ohio,43666,47372
Dept1,338,Lon,Burchett,848-26-6813,83 Atwood Way,New Orleans,Louisiana,70165,82068
Dept1,339,Xylina,Poulgreen,345-83-4627,949 Katie Plaza,Greenville,South Carolina,29605,46985
Dept3,340,Miranda,Scougall,157-85-9499,02 Eastlawn Junction,Colorado Springs,Colorado,80920,27000
Dept3,341,Justine,Benitez,124-91-2407,82 Ilene Lane,Chicago,Illinois,60646,56501
Dept1,342,Rossie,Waddam,699-62-1196,8 Judy Place,Sacramento,California,94297,66152
Dept2,343,Hermine,Cordie,880-14-4694,6 Hooker Junction,Savannah,Georgia,31405,26571
Dept2,344,Chariot,Joy,475-81-7669,1530 Golden Leaf Alley,Evansville,Indiana,47747,118204
Dept2,345,Cyrillus,Duham,599-34-3262,6 Sachs Drive,Colorado Springs,Colorado,80905,53396
Dept2,346,Adiana,Priestnall,590-62-4925,196 Merchant Park,El Paso,Texas,88519,119182
Dept1,347,Sheffie,Lavies,274-66-7510,54 Cherokee Terrace,Las Vegas,Nevada,89140,51792
Dept3,348,Purcell,Hellwig,891-58-8701,796 Burrows Parkway,Davenport,Iowa,52809,39107
Dept1,349,Rex,Crosoer,392-60-5309,7252 West Plaza,Greensboro,North Carolina,27415,33037
Dept1,350,Benito,Robeson,536-05-6952,9874 Farmco Place,Lexington,Kentucky,40586,44810
Dept1,351,Nefen,Oxlee,106-44-2497,843 Prairieview Point,Oklahoma City,Oklahoma,73114,51418
Dept1,352,Minta,Lacroutz,526-67-2530,2132 Arkansas Court,Grand Junction,Colorado,81505,55110
Dept2,353,Raquela,Eckery,640-72-1927,88 Bunker Hill Avenue,Saint Louis,Missouri,63196,95768
Dept3,354,Jamie,Moizer,547-94-2465,56799 Upham Circle,Cincinnati,Ohio,45213,57256
Dept2,355,Jocko,Broomer,346-84-9033,882 Burrows Place,Johnson City,Tennessee,37605,76829
Dept2,356,Maridel,Thurlby,621-99-6430,02237 Maple Way,Philadelphia,Pennsylvania,19196,103748
Dept1,357,Zaria,Thirlwell,517-67-6828,99 Kensington Circle,Palmdale,California,93591,89947
Dept3,358,Garrek,Upward,494-51-9661,306 Red Cloud Parkway,Melbourne,Florida,32919,76168
Dept2,359,Hillard,Graveston,823-99-1095,881 Corben Terrace,El Paso,Texas,79950,117380
Dept1,360,Niles,Bourrel,724-72-5642,8 Lien Road,Sacramento,California,95813,101982
Dept1,361,Nate,Beet,203-86-6667,0 Harbort Place,Austin,Texas,78789,120354
Dept2,362,Lucienne,Gribbell,159-45-6043,52303 Scoville Terrace,Newton,Massachusetts,02458,65217
Dept2,363,Veronica,Godsell,281-78-9829,11 Golden Leaf Terrace,Stamford,Connecticut,06905,106980
Dept2,364,Ryley,Burrass,461-30-1166,48 Dottie Street,Charleston,West Virginia,25389,100835
Dept3,365,Quintilla,McAulay,462-96-0789,460 Main Place,Atlanta,Georgia,30356,37598
Dept2,366,Goldi,Blais,803-34-6987,26512 Heath Drive,Crawfordsville,Indiana,47937,124516
Dept2,367,Jehu,Schimank,750-43-9313,4 Rowland Hill,Detroit,Michigan,48206,35388
Dept1,368,Jasen,Pierton,605-02-0619,17 Village Green Court,Fort Wayne,Indiana,46867,52123
Dept3,369,Phylis,Springham,855-14-5775,62618 Surrey Pass,Birmingham,Alabama,35254,95519
Dept3,370,Marybeth,Cushe,802-38-3780,44 Union Point,Farmington,Michigan,48335,76824
Dept1,371,Ilse,Covendon,761-60-1945,32 Leroy Court,Nashville,Tennessee,37210,117567
Dept3,372,Lurlene,Mergue,432-15-4817,6 Bartillon Road,Fort Worth,Texas,76105,37395
Dept3,373,Ivar,Perri,134-44-9519,731 International Hill,Salt Lake City,Utah,84135,59283
Dept3,374,Sebastian,Tullot,839-32-0368,40 Dexter Drive,Kansas City,Missouri,64190,93225
Dept3,375,Justus,Amyes,698-32-5030,58788 Heffernan Way,Fort Myers,Florida,33913,52987
Dept2,376,Peggy,Kincaid,471-77-7721,3 Luster Way,Newark,Delaware,19725,89441
Dept3,377,Davy,Hatje,172-32-3805,08 Lindbergh Crossing,Peoria,Arizona,85383,109700
Dept3,378,Demetra,Yitzovitz,163-78-4980,671 Buell Center,Laurel,Maryland,20709,61614
Dept2,379,Ferrel,Romaint,703-77-0306,50069 Fairview Court,Dayton,Ohio,45432,118372
Dept1,380,Heywood,Atley,821-49-7004,30 Pine View Terrace,Albuquerque,New Mexico,87195,70068
Dept3,381,Talbert,Brasse,591-44-5144,79 Kropf Lane,Torrance,California,90505,73250
Dept3,382,Elberta,Bordis,139-29-0828,0835 Trailsway Point,Yonkers,New York,10705,56782
Dept2,383,Therine,McDuffie,287-71-4497,0610 Clove Road,Midland,Michigan,48670,31101
Dept2,384,Aigneis,Glede,387-70-6548,4439 Lyons Park,Seattle,Washington,98185,92367
Dept2,385,Alvin,Arlidge,778-17-4801,9612 Washington Hill,New York City,New York,10029,89247
Dept3,386,Orlan,Shubotham,489-08-2056,9784 Donald Way,Columbus,Ohio,43268,43238
Dept3,387,Esme,Westerman,114-59-4460,8 Karstens Circle,Milwaukee,Wisconsin,53205,94765
Dept1,388,Biron,Mahaddy,284-62-0216,30783 Petterle Crossing,Young America,Minnesota,55551,28562
Dept3,389,Candace,Pinck,823-45-2112,219 Prentice Parkway,Sioux City,Iowa,51105,28700
Dept3,390,Leta,Scullard,354-98-0825,04 Village Center,Modesto,California,95354,98150
Dept2,391,Elizabeth,Beddon,897-81-7362,8 Stang Court,Washington,District of Columbia,20205,59415
Dept1,392,Amii,Hanwright,262-05-5422,4 Arapahoe Hill,Santa Cruz,California,95064,54027
Dept2,393,Brit,Barth,249-27-0205,39884 Schiller Place,Miami,Florida,33129,45422
Dept2,394,Karyn,Wadwell,504-62-4206,69115 Sunnyside Pass,Stamford,Connecticut,06905,103175
Dept3,395,Edin,Laux,726-97-9574,32364 Union Trail,Orlando,Florida,32808,28212
Dept2,396,Kinna,Brockton,755-88-0979,85 Pennsylvania Trail,Chicago,Illinois,60652,38296
Dept1,397,Collette,Catonne,539-03-9188,08 Marquette Plaza,Peoria,Illinois,61614,41808
Dept1,398,Giselle,Habert,281-67-9854,327 Duke Park,Santa Monica,California,90410,118415
Dept1,399,Donnie,Tschirasche,561-32-2357,607 Calypso Place,Seattle,Washington,98121,30418
Dept1,400,Patricio,Caughtry,182-24-3245,11 Browning Center,Columbus,Ohio,43226,113877
Dept1,401,Corbett,Consadine,644-08-2125,93 Hayes Drive,Spring,Texas,77386,121952
Dept3,402,Rolf,Jouaneton,808-76-4633,5 Shoshone Hill,Boston,Massachusetts,02298,122413
Dept2,403,Ronica,Handmore,209-09-7469,9446 Dapin Parkway,Minneapolis,Minnesota,55487,57684
Dept1,404,Moselle,Creddon,421-49-2239,5719 Tony Point,Dallas,Texas,75231,40430
Dept3,405,Filip,Sancias,153-62-6206,1 Roth Center,Phoenix,Arizona,85035,51359
Dept2,406,Joelle,Ottery,800-09-8504,98 Mifflin Avenue,Pomona,California,91797,28558
Dept3,407,Bernarr,Figg,770-46-6986,36 Novick Center,Austin,Texas,78754,113708
Dept3,408,Keslie,Lowdyane,372-50-3864,4 Buell Parkway,Long Beach,California,90831,112775
Dept1,409,Ainsley,Rosenshine,375-06-5845,26 Browning Road,New York City,New York,10155,29654
Dept2,410,Merle,Hancke,515-36-2841,0528 Ilene Crossing,Nashville,Tennessee,37240,83286
Dept1,411,Twila,Dutson,296-74-6754,366 7th Junction,Tulsa,Oklahoma,74170,108734
Dept2,412,Mahalia,Tattersfield,473-32-9825,89 Holmberg Place,Kansas City,Kansas,66160,117113
Dept2,413,Bobby,Maskew,711-67-3635,49581 Lighthouse Bay Park,Woburn,Massachusetts,01813,67710
Dept1,414,Kenna,Temperley,223-35-1584,30528 Welch Circle,Indianapolis,Indiana,46231,81465
Dept1,415,Gale,Oller,890-44-9089,18411 Waywood Lane,Sacramento,California,94286,94436
Dept1,416,Hyacinthia,Mashal,421-96-3183,4 Roth Way,Nashville,Tennessee,37245,105037
Dept3,417,Pandora,Kirke,521-81-1495,8 Lakewood Gardens Road,Fort Myers,Florida,33913,72377
Dept3,418,Audrey,Kyd,543-40-2861,4490 La Follette Park,Canton,Ohio,44705,54203
Dept2,419,Jonell,D'Antoni,849-69-4186,2 Lien Parkway,Columbus,Georgia,31904,61240
Dept1,420,Gauthier,Kimblin,624-86-8160,41940 Stoughton Pass,Glendale,Arizona,85305,82388
Dept1,421,Dur,West-Frimley,383-58-9784,985 Schiller Lane,Los Angeles,California,90015,78111
Dept1,422,Jakie,Trowbridge,101-08-8883,3936 Hayes Plaza,Portland,Maine,04109,77064
Dept1,423,Kinnie,Wignall,304-96-5417,781 Vidon Point,Atlanta,Georgia,30311,81120
Dept2,424,Tymon,Shrive,230-79-3493,4116 Riverside Road,Huntington,West Virginia,25705,76822
Dept2,425,Essy,Moreton,509-38-2692,957 Lotheville Pass,Rockford,Illinois,61105,75133
Dept2,426,Ezequiel,Langrick,458-95-3434,7 Kenwood Park,Sioux City,Iowa,51110,88324
Dept2,427,Aleksandr,Pattrick,691-25-4794,9 Thackeray Parkway,Charlotte,North Carolina,28205,45868
Dept1,428,Annabell,Bonham,728-67-5044,69 Hoepker Circle,Newton,Massachusetts,02458,99619
Dept3,429,Archibald,Sansom,115-70-6440,972 Anzinger Street,Washington,District of Columbia,20551,57798
Dept2,430,Malissa,Craft,424-07-5678,74 Butternut Trail,Levittown,Pennsylvania,19058,63184
Dept1,431,Brandea,Killgus,605-99-8062,3672 Anzinger Hill,Monroe,Louisiana,71208,91763
Dept1,432,Laurette,Gorey,818-34-2466,61 Garrison Lane,San Diego,California,92145,102586
Dept2,433,Julina,Alderson,572-37-8278,8 Cherokee Junction,New York City,New York,10079,90396
Dept2,434,Brana,Swetland,779-31-1260,3738 Lotheville Way,Greensboro,North Carolina,27499,98358
Dept2,435,Nikolos,Ricold,826-47-8697,08 Maryland Street,San Francisco,California,94121,108066
Dept3,436,Josefa,Finkle,639-51-2059,01897 Transport Trail,Norfolk,Virginia,23504,84498
Dept3,437,Jerry,Karim,751-98-4315,70 Elka Road,Atlanta,Georgia,30316,80010
Dept1,438,Rhys,Endersby,305-79-2922,653 Park Meadow Street,Boise,Idaho,83732,54141
Dept1,439,Wilmer,Allum,621-98-8763,218 Brown Alley,Scranton,Pennsylvania,18505,115831
Dept2,440,Penelopa,Murrison,134-34-6903,2 Doe Crossing Point,Birmingham,Alabama,35263,68960
Dept2,441,Ermentrude,Kasting,623-30-1723,311 Debra Circle,Allentown,Pennsylvania,18105,102334
Dept1,442,Tomas,Bretelle,523-54-8235,662 Towne Trail,Charlotte,North Carolina,28215,93598
Dept1,443,Codee,Drinkale,665-66-6235,87984 Roxbury Drive,Seattle,Washington,98115,27313
Dept2,444,Sonnie,Tulleth,527-30-0986,87558 Scoville Lane,Fredericksburg,Virginia,22405,61849
Dept3,445,Lib,Jeanequin,829-77-2226,21079 Boyd Park,Baltimore,Maryland,21211,62738
Dept2,446,Barn,Kuhnke,632-70-8546,7688 Comanche Circle,Racine,Wisconsin,53405,34550
Dept1,447,Wilburt,Izen,759-75-8510,19 Wayridge Drive,Atlanta,Georgia,30316,92980
Dept1,448,Carroll,Varlow,723-40-1982,22578 John Wall Pass,Edmond,Oklahoma,73034,59199
Dept2,449,Guido,Cardall,649-41-3694,6 Corscot Crossing,San Antonio,Texas,78278,30191
Dept3,450,Gates,Sheehan,781-52-8247,45 Village Green Court,Charlotte,North Carolina,28235,116509
Dept3,451,Koressa,Dowry,860-52-8692,727 Sycamore Junction,Los Angeles,California,90025,105593
Dept1,452,Jacquelynn,Glander,573-98-5579,2 Utah Place,Bradenton,Florida,34210,88278
Dept1,453,Amory,Longthorne,813-47-4433,05 Hoard Street,Brooklyn,New York,11220,36236
Dept2,454,Ashlen,MacAdie,396-26-0088,51983 Loomis Road,Zephyrhills,Florida,33543,55862
Dept2,455,Mellisent,Maken,168-08-8932,13845 Weeping Birch Place,Louisville,Kentucky,40225,111653
Dept2,456,Kass,Frenzl,882-39-7385,53 Mockingbird Park,Houston,Texas,77085,101546
Dept2,457,Dasie,Daniely,726-67-5123,8701 Lake View Crossing,Topeka,Kansas,66622,27752
Dept2,458,Elspeth,Belbin,371-83-6646,66 Dovetail Way,Dallas,Texas,75372,46131
Dept1,459,Tabina,Thomazin,600-60-6053,09700 Shopko Avenue,Jefferson City,Missouri,65110,44431
Dept2,460,Uta,Dublin,551-92-7375,239 Barby Court,Erie,Pennsylvania,16565,50362
Dept1,461,Gerick,Chewter,487-81-9423,27375 Darwin Terrace,Cedar Rapids,Iowa,52410,62104
Dept3,462,Lynette,Sheerin,148-65-2487,26 Sauthoff Crossing,Lexington,Kentucky,40546,121038
Dept1,463,Becka,Itzkin,816-83-2283,3465 Towne Crossing,New Orleans,Louisiana,70174,79834
Dept3,464,Athena,Barthot,739-27-7081,7 Brentwood Crossing,Hampton,Virginia,23663,58545
Dept2,465,Jorey,Tatum,223-53-5932,36 Judy Street,Phoenix,Arizona,85072,58785
Dept2,466,Hilda,Raiment,175-06-4684,300 Darwin Center,Bakersfield,California,93305,124375
Dept1,467,Pembroke,Strewther,881-47-1132,8341 Mesta Junction,Rochester,Minnesota,55905,80835
Dept2,468,Halli,Khristyukhin,520-34-0604,0349 Mariners Cove Court,Jamaica,New York,11480,55892
Dept3,469,Diahann,Campanelle,828-22-7456,415 Johnson Terrace,Naples,Florida,34102,100073
Dept3,470,Jaclyn,McNerlin,610-75-5621,1732 Meadow Vale Lane,Lancaster,California,93584,44334
Dept3,471,Tammara,Cheers,520-09-9741,42296 Hudson Lane,Tyler,Texas,75705,46022
Dept1,472,Tirrell,Flockhart,607-97-1411,19 Bellgrove Point,Roanoke,Virginia,24009,39290
Dept3,473,Lonnie,Hosburn,173-36-3067,9 Mayer Plaza,Marietta,Georgia,30061,108596
Dept3,474,Thatch,Billam,764-77-6299,34133 Donald Alley,Marietta,Georgia,30061,89727
Dept2,475,Teirtza,Cheshire,742-31-9045,8067 Tennessee Way,Kalamazoo,Michigan,49006,54153
Dept2,476,Shaylah,Trusse,205-54-5744,430 Myrtle Way,Denver,Colorado,80299,25988
Dept3,477,Merl,Lamperti,128-01-3397,93 Cherokee Way,Fullerton,California,92640,110045
Dept1,478,Susette,Calderonello,386-61-7484,726 Spohn Park,Dallas,Texas,75358,111481
Dept2,479,Bjorn,Collaton,381-96-4321,82024 Jenna Hill,Cleveland,Ohio,44125,102186
Dept2,480,Melinda,Dunning,110-12-6350,8931 Parkside Plaza,Buffalo,New York,14233,74892
Dept1,481,Eartha,Game,189-52-6889,30 American Ash Junction,Tucson,Arizona,85748,53894
Dept2,482,Karlee,Kinworthy,329-11-0789,92 Hoffman Terrace,Philadelphia,Pennsylvania,19151,59108
Dept2,483,Allix,Scouse,767-20-7263,558 Veith Street,Memphis,Tennessee,38161,119201
Dept1,484,Jo,Timcke,862-54-0460,1 Beilfuss Junction,Flint,Michigan,48555,63697
Dept2,485,Cymbre,Thow,691-50-7106,588 Hoffman Court,Houston,Texas,77035,63212
Dept3,486,Abby,Glading,473-87-5082,88 Namekagon Point,Vancouver,Washington,98687,96703
Dept3,487,Richmound,Kirkman,386-28-2467,953 Colorado Alley,Kansas City,Missouri,64142,74580
Dept3,488,Albertine,D'Aubney,398-38-1828,4 Eagle Crest Road,Salem,Oregon,97312,89057
Dept2,489,Carline,Wildblood,746-56-2884,1824 Sullivan Plaza,Los Angeles,California,90065,30681
Dept2,490,Martha,Silverton,192-37-1566,2444 Barby Pass,Milwaukee,Wisconsin,53210,28515
Dept3,491,Ivy,Wogden,801-33-3016,11 Laurel Circle,Kissimmee,Florida,34745,101361
Dept3,492,Dianemarie,Neeve,547-18-5604,64 Dapin Hill,San Francisco,California,94137,122122
Dept2,493,Margret,Trewett,339-12-8947,89 Harper Point,Redwood City,California,94064,64410
Dept3,494,Sisely,Sagg,535-86-4169,1 Reinke Terrace,Garland,Texas,75044,102943
Dept3,495,Thornton,Kopelman,145-20-2336,67 Forest Dale Parkway,Denver,Colorado,80270,115189
Dept3,496,Braden,Fey,503-36-0687,83402 Springview Plaza,Arlington,Virginia,22225,97334
Dept2,497,Brandy,Tennant,419-06-3585,4906 Brown Circle,Charlotte,North Carolina,28284,60599
Dept2,498,Dollie,Proschek,392-19-4652,850 Donald Street,Kansas City,Missouri,64109,52824
Dept2,499,Ambrosius,Cassells,173-36-4482,4523 Forster Place,Orlando,Florida,32813,74334
Dept3,500,Archibald,Caldeyroux,641-37-3703,21737 Forest Run Lane,El Paso,Texas,88530,74987
Dept2,501,Eirena,MacTrustie,855-70-0800,235 Corscot Parkway,Madison,Wisconsin,53785,91540
Dept1,502,Stanfield,Hapke,578-99-7780,1829 Crescent Oaks Avenue,Orlando,Florida,32859,121987
Dept3,503,Giraud,Cuss,474-38-6753,6835 Dunning Alley,Warren,Ohio,44485,61813
Dept1,504,Klemens,Mullett,190-53-7058,2 Ludington Pass,Las Vegas,Nevada,89130,72678
Dept2,505,Ivette,Blades,744-61-0475,46 Red Cloud Trail,San Jose,California,95128,56186
Dept1,506,Pamelina,de Clerk,448-49-4587,90 Blaine Parkway,Santa Barbara,California,93106,36432
Dept3,507,Raychel,Dunkerly,255-80-5763,5 Esker Park,Richmond,Virginia,23237,32349
Dept2,508,Sander,Manuello,305-45-6403,83271 Kingsford Alley,North Little Rock,Arkansas,72118,88171
Dept3,509,Nevin,Krol,571-60-5405,52 Vernon Road,New York City,New York,10165,39607
Dept3,510,Puff,Thexton,134-40-7721,0 Lillian Court,Erie,Pennsylvania,16534,73281
Dept3,511,Nicholle,Hedgeley,855-86-3125,2747 Sundown Way,Washington,District of Columbia,20337,98399
Dept2,512,Myer,Gantzman,640-55-3764,7555 Lien Terrace,Grand Junction,Colorado,81505,69846
Dept3,513,Maynord,Mapis,668-36-2792,1 Ryan Point,Boston,Massachusetts,02208,114626
Dept3,514,Tillie,Hazeup,882-07-1817,051 Milwaukee Road,Fargo,North Dakota,58106,101136
Dept2,515,Frederic,Lumpkin,270-31-5968,32237 Manufacturers Trail,Washington,District of Columbia,20029,46008
Dept3,516,Damaris,Dran,769-27-4421,7339 Northwestern Drive,Fullerton,California,92835,91315
Dept2,517,Sapphire,Widdison,278-03-4675,4 Sugar Plaza,Gainesville,Florida,32610,78801
Dept1,518,Alexandr,Craze,515-13-9078,83 Victoria Pass,San Antonio,Texas,78245,112468
Dept2,519,Hermie,Stawell,395-36-2943,8 School Center,Lexington,Kentucky,40576,44695
Dept3,520,Roshelle,Wallach,599-29-8554,4 Towne Lane,Tampa,Florida,33647,55673
Dept2,521,Ely,Maplethorp,821-38-8354,3933 Almo Crossing,Dayton,Ohio,45426,79333
Dept1,522,Victor,Kenwood,493-99-9508,62160 Dovetail Court,Memphis,Tennessee,38114,79772
Dept3,523,Reinhard,Mitkov,689-64-7643,8 Victoria Court,Berkeley,California,94712,52996
Dept2,524,Lurleen,Redwin,635-97-6562,4085 Golden Leaf Place,Denver,Colorado,80204,122275
Dept3,525,Earvin,Dunstone,372-14-5579,00 Becker Way,Hartford,Connecticut,06145,78849
Dept1,526,Joana,Wolverson,475-34-8835,023 Menomonie Park,Little Rock,Arkansas,72204,54292
Dept3,527,Hailee,Ferrotti,166-92-1354,24829 Lerdahl Terrace,Seattle,Washington,98166,96001
Dept2,528,Torey,Grivori,349-74-9823,46202 Fisk Plaza,Washington,District of Columbia,20397,84559
Dept2,529,Nessi,Mcimmie,300-39-2007,8 Eliot Road,Canton,Ohio,44705,27502
Dept3,530,Hamil,Lymer,214-58-9197,07 Northridge Circle,Miami,Florida,33261,58968
Dept3,531,Dani,Pooly,712-10-8749,7257 Utah Terrace,Seattle,Washington,98195,70327
Dept3,532,Alfie,Sheldrick,856-24-9084,103 Eagle Crest Road,San Francisco,California,94126,31186
Dept2,533,Sophronia,Gooderham,413-73-6540,41 Maryland Park,Spokane,Washington,99220,116703
Dept2,534,Lon,Workes,588-85-1561,95207 Forest Run Point,Jamaica,New York,11407,56475
Dept2,535,Jedd,Grinsted,373-29-2416,25884 Texas Pass,Bethesda,Maryland,20816,66166
Dept2,536,Delly,Vinson,405-87-9960,6618 Oneill Lane,Newton,Massachusetts,02162,44624
Dept2,537,Selinda,Dundon,578-36-5276,1 Morning Point,Corona,California,92878,95735
Dept3,538,Sylas,Bachanski,809-94-9191,0887 Hoard Center,Washington,District of Columbia,20226,77102
Dept2,539,Emmery,Cushworth,275-57-4467,159 Waxwing Way,Ventura,California,93005,92402
Dept1,540,Gavan,Kilcullen,114-88-5115,88973 Surrey Drive,Las Cruces,New Mexico,88006,101648
Dept3,541,Beauregard,Tranmer,490-70-1254,41 Eagle Crest Terrace,Harrisburg,Pennsylvania,17121,110154
Dept1,542,Joellyn,Fitt,568-71-8204,86 Dunning Park,Fairbanks,Alaska,99790,102969
Dept3,543,Twila,Mac,859-37-1283,5732 Kim Court,Riverside,California,92519,48647
Dept1,544,Jerrome,Yakebovich,506-28-6265,97 Hallows Street,Colorado Springs,Colorado,80905,42260
Dept1,545,Lionel,Livingstone,744-55-8341,78 Laurel Point,Tulsa,Oklahoma,74126,119395
Dept1,546,Frederico,Moralas,432-32-6820,26026 Oak Plaza,Houston,Texas,77206,108853
Dept1,547,Gabriele,Dadswell,796-56-7468,84 Sachs Terrace,Newark,New Jersey,07188,83915
Dept2,548,Didi,Tomsett,312-46-4193,94 Clarendon Trail,Wichita,Kansas,67210,63565
Dept1,549,Aveline,Samwayes,668-30-7392,799 Melvin Crossing,Northridge,California,91328,70427
Dept3,550,Ted,Lautie,546-29-7178,07789 Homewood Alley,Little Rock,Arkansas,72209,71972
Dept3,551,Axe,Cluse,556-44-9372,80970 Autumn Leaf Park,Durham,North Carolina,27717,44226
Dept3,552,Bernardo,Von Helmholtz,784-06-0579,29 Eliot Parkway,Birmingham,Alabama,35279,106137
Dept1,553,Elmer,Cullingworth,831-67-8053,9723 Loeprich Pass,Iowa City,Iowa,52245,44830
Dept2,554,Beverie,Tirrell,798-39-3156,71891 Warbler Alley,Oklahoma City,Oklahoma,73197,112553
Dept2,555,Kari,Tiuit,475-22-3362,13783 Morrow Way,Alexandria,Louisiana,71307,61160
Dept3,556,Colan,Moffet,394-45-1581,117 Shasta Junction,Kansas City,Missouri,64187,99044
Dept3,557,Reinaldos,Swayte,446-06-0515,233 Sachs Lane,Tulsa,Oklahoma,74184,115473
Dept1,558,Adah,Roden,813-54-3796,91 Westerfield Center,Philadelphia,Pennsylvania,19160,114242
Dept3,559,Sheba,Labusch,258-39-7077,4481 Knutson Drive,San Antonio,Texas,78296,84647
Dept1,560,Dwayne,Zebedee,218-24-5555,98 Rusk Road,Pittsburgh,Pennsylvania,15261,53906
Dept3,561,Bertie,Rowledge,314-78-6349,2328 Kenwood Pass,Dallas,Texas,75367,51773
Dept1,562,Teodoor,Dobbing,579-58-5812,3620 Blackbird Avenue,Portland,Oregon,97286,123194
Dept3,563,Krisha,Worley,742-64-7072,4455 Lunder Pass,Buffalo,New York,14263,68377
Dept3,564,Blanca,Seymark,101-40-2867,8647 Bay Street,Terre Haute,Indiana,47812,108043
Dept2,565,Magdalena,Kleinmintz,475-07-4796,062 Truax Drive,San Diego,California,92196,88756
Dept2,566,Claiborne,Shapcote,683-80-6675,9 Cherokee Plaza,Lynchburg,Virginia,24503,86348
Dept3,567,Ali,Bonds,500-29-2165,5696 Shopko Way,Lexington,Kentucky,40581,101467
Dept1,568,Miltie,Breinlein,545-25-8950,00 Fuller Circle,Jackson,Mississippi,39204,112826
Dept3,569,Eb,Reading,127-77-0219,50 Manufacturers Drive,Stockton,California,95210,100671
Dept2,570,Kathlin,Smithyman,776-37-5291,4 Bunker Hill Street,Washington,District of Columbia,20299,75807
Dept1,571,Kizzie,Nilles,662-23-7179,84 Sage Terrace,Los Angeles,California,90071,77717
Dept1,572,Rahal,Sulter,255-33-9598,70 Shasta Circle,Columbus,Georgia,31998,118399
Dept1,573,Dre,Gomery,822-26-0371,03055 Cherokee Trail,Des Moines,Iowa,50369,66117
Dept2,574,Yuma,Sugg,387-51-5036,9 Welch Center,Paterson,New Jersey,07505,41505
Dept3,575,Yolane,Rikkard,167-06-2367,71288 New Castle Park,Jefferson City,Missouri,65105,63681
Dept1,576,Mame,Eassom,635-82-0037,743 Grim Circle,Boise,Idaho,83711,88433
Dept2,577,Shaughn,Siggers,382-12-7164,39 Hudson Circle,Odessa,Texas,79764,120066
Dept2,578,Salli,Guyonneau,760-98-4689,2 Mariners Cove Alley,Houston,Texas,77271,118544
Dept3,579,Darelle,Kenwood,593-01-7479,76412 Sunbrook Hill,Pittsburgh,Pennsylvania,15286,98522
Dept2,580,Araldo,Karel,540-90-7167,8 Sheridan Parkway,Miami,Florida,33134,100781
Dept3,581,Hannie,Dally,286-26-7722,9864 School Alley,Naples,Florida,34102,43632
Dept3,582,Pavel,Tottle,210-43-2064,2 Tennyson Terrace,Macon,Georgia,31217,96967
Dept2,583,Lotty,Olwen,503-53-5376,7930 Charing Cross Circle,Memphis,Tennessee,38114,41058
Dept2,584,Berni,Havenhand,289-41-6395,07476 Browning Crossing,Los Angeles,California,90065,114965
Dept1,585,Britteny,Donne,861-01-5388,5 Blackbird Hill,Washington,District of Columbia,20442,123859
Dept2,586,Arch,Rylance,331-96-7798,558 Quincy Road,Atlanta,Georgia,30343,114361
Dept2,587,Ellary,Bradmore,645-50-9205,82 La Follette Road,Louisville,Kentucky,40256,61973
Dept2,588,Liva,Doone,574-10-8376,11 Waubesa Pass,Baton Rouge,Louisiana,70826,80313
Dept3,589,Patrica,Loreit,690-68-0790,127 Red Cloud Crossing,Fort Worth,Texas,76192,114324
Dept2,590,Cynthea,Grabban,221-83-0736,371 Iowa Lane,Irvine,California,92612,48689
Dept1,591,Alli,Blankau,179-65-3507,53 New Castle Alley,Topeka,Kansas,66617,68859
Dept3,592,Ingra,Gideon,185-92-0280,1 Crest Line Trail,Miami,Florida,33169,56764
Dept1,593,Egan,Wapples,714-44-6238,846 Service Crossing,Orange,California,92867,72331
Dept1,594,Roth,Eborn,207-38-5020,1640 Forest Dale Lane,Nashville,Tennessee,37215,61675
Dept3,595,Elenore,Craighill,533-46-2459,53 Mayfield Lane,Homestead,Florida,33034,60400
Dept1,596,Cindi,Malby,633-28-9083,55 Morning Parkway,Young America,Minnesota,55557,124200
Dept2,597,Sheena,Habbergham,162-87-3710,33155 Meadow Ridge Crossing,Dayton,Ohio,45408,108876
Dept2,598,Christie,Baumann,480-05-1092,02 Bunting Center,Hampton,Virginia,23663,57762
Dept1,599,Gerrilee,Wennam,860-86-1687,114 Acker Pass,Fort Wayne,Indiana,46825,108128
Dept2,600,Alix,Yalden,458-42-6632,4 Blackbird Way,Ocala,Florida,34479,31493
Dept1,601,Jillene,Emeny,545-08-6490,6578 Paget Road,Pittsburgh,Pennsylvania,15210,82711
Dept3,602,Elyn,Amies,190-65-9319,0934 Sachs Court,Little Rock,Arkansas,72231,104558
Dept3,603,Modesty,Storks,182-09-6487,9433 Arkansas Street,Cleveland,Ohio,44197,105803
Dept1,604,Ingram,Pipping,835-37-9246,4 Fisk Lane,Chicago,Illinois,60624,85448
Dept1,605,Leland,Eagling,837-33-9199,436 Gina Pass,Bronx,New York,10474,55236
Dept1,606,Isabelita,Faithfull,775-83-8913,18098 Cordelia Terrace,Warren,Michigan,48092,115596
Dept2,607,Murielle,Leyden,301-69-8674,2 Lyons Junction,Newark,New Jersey,07195,62288
Dept1,608,Jessie,Northill,162-68-3080,8265 Kingsford Parkway,Flint,Michigan,48555,107451
Dept2,609,Bradly,Devall,418-63-6254,44713 Raven Parkway,Florence,South Carolina,29505,61628
Dept3,610,Cathlene,Pawley,863-94-3946,7 Monterey Plaza,Juneau,Alaska,99812,72808
Dept3,611,Ikey,Hewins,392-47-7766,351 Schlimgen Lane,Hialeah,Florida,33013,72272
Dept2,612,Vallie,De Blasi,427-40-9240,4669 Becker Avenue,Portland,Maine,04109,101587
Dept1,613,Felic,MacMaster,272-43-4844,40767 Buhler Parkway,Seattle,Washington,98109,96952
Dept2,614,Ingmar,Milesap,843-63-7499,18376 Oak Parkway,Richmond,Virginia,23203,72410
Dept2,615,Ally,Cranage,217-24-3151,203 Namekagon Trail,Farmington,Michigan,48335,70741
Dept1,616,Benedicta,Lelievre,341-94-0386,438 Mockingbird Court,Cincinnati,Ohio,45213,103112
Dept3,617,Silva,Van Niekerk,873-28-2521,830 Mandrake Crossing,Richmond,Virginia,23293,34341
Dept3,618,Page,Kabsch,697-27-7743,91 Hauk Court,Little Rock,Arkansas,72222,29255
Dept2,619,Leslie,Grunwall,157-27-2985,15442 Service Parkway,Newport News,Virginia,23605,64566
Dept1,620,Elmer,Tredget,895-54-7659,718 Hooker Circle,Atlanta,Georgia,30358,48391
Dept1,621,Guy,Camacke,244-04-6294,940 Pankratz Drive,Oklahoma City,Oklahoma,73167,119447
Dept2,622,Mendy,Cordes,635-76-3852,651 Michigan Junction,Corpus Christi,Texas,78410,32907
Dept3,623,Prescott,Vido,127-90-7305,1476 Kim Junction,Detroit,Michigan,48206,120892
Dept3,624,Ashien,Upton,732-38-3847,65119 Susan Hill,Aurora,Colorado,80015,26175
Dept1,625,Joeann,Dugood,491-93-8485,81530 Sycamore Point,Sioux City,Iowa,51110,81311
Dept1,626,Dian,Capes,470-38-0949,70 Derek Terrace,Tulsa,Oklahoma,74108,100866
Dept2,627,Nana,Zanioletti,359-96-7035,17692 Shelley Point,Plano,Texas,75074,59236
Dept3,628,Annette,Driffield,671-81-6910,26 Barnett Center,Saint Paul,Minnesota,55108,29576
Dept2,629,Alayne,Verlinden,846-96-7038,631 Pond Trail,Carson City,Nevada,89706,112112
Dept2,630,Leroi,Hidderley,673-45-8695,092 Moose Terrace,Santa Barbara,California,93111,104269
Dept2,631,Charis,Crossgrove,602-94-7025,762 High Crossing Place,Louisville,Kentucky,40256,114500
Dept2,632,Cristal,Bullen,391-23-2960,126 Fulton Street,North Little Rock,Arkansas,72199,34879
Dept2,633,Kirsti,Giroldo,559-55-6505,15 Pennsylvania Point,Sioux City,Iowa,51110,87817
Dept1,634,Lorilyn,Skitch,409-94-6106,65 Twin Pines Plaza,Phoenix,Arizona,85062,107640
Dept2,635,Ali,Jakoubek,790-14-2948,80003 Rusk Road,Austin,Texas,78759,69766
Dept3,636,Reider,Inett,646-47-4149,82693 Fairview Crossing,Vancouver,Washington,98664,89685
Dept1,637,Kate,Origan,541-48-5836,03845 Westridge Drive,Honolulu,Hawaii,96845,75882
Dept2,638,Florrie,Hambatch,444-77-4041,93217 Beilfuss Park,Missoula,Montana,59806,114287
Dept1,639,Jedd,Edis,442-11-6426,51727 Westridge Parkway,El Paso,Texas,79977,94347
Dept1,640,Celisse,Penketh,844-48-2407,51 Johnson Street,Jamaica,New York,11407,74656
Dept3,641,Torrance,Elix,607-25-2654,36 Lakewood Trail,Fort Worth,Texas,76110,56260
Dept1,642,Devin,Buttrum,859-67-1391,46228 Dexter Pass,Fresno,California,93778,90623
Dept1,643,Pincus,Riddick,101-80-0320,91 Express Road,Waltham,Massachusetts,02453,71735
Dept2,644,Tate,Darlison,274-61-5626,23159 Harbort Court,Racine,Wisconsin,53405,55214
Dept3,645,Darlleen,Van Baaren,826-06-4176,51 Hollow Ridge Parkway,Colorado Springs,Colorado,80945,30036
Dept1,646,Percival,Charity,422-53-3134,340 Golden Leaf Parkway,Yakima,Washington,98907,57513
Dept1,647,Freemon,Weatherburn,763-40-2204,5701 Grover Trail,Lansing,Michigan,48912,100031
Dept2,648,Kacie,Lancastle,715-82-6990,64171 Troy Center,Hialeah,Florida,33018,83886
Dept3,649,Alvis,Bambrugh,845-46-0668,6413 Dunning Pass,Miami,Florida,33124,78135
Dept2,650,Gino,Tenby,652-60-1346,360 Derek Center,Hartford,Connecticut,06145,37175
Dept2,651,Coletta,Lamperd,629-19-7172,527 Spohn Circle,Chicago,Illinois,60663,50579
Dept2,652,Kerrie,Damrel,697-21-3425,8139 Briar Crest Way,San Antonio,Texas,78215,42183
Dept3,653,Port,Chasemore,599-34-3506,30 Longview Place,Springfield,Virginia,22156,112800
Dept3,654,Pen,Maddox,641-39-3359,60650 Dapin Trail,Youngstown,Ohio,44505,82810
Dept1,655,Stacee,Maiden,409-38-5571,5865 Ridgeway Pass,Saint Paul,Minnesota,55115,51157
Dept2,656,Thibaud,Golling,554-58-4682,15 Anzinger Pass,Phoenix,Arizona,85020,109652
Dept3,657,Staffard,Spurway,471-50-9113,0255 Division Hill,Worcester,Massachusetts,01605,115930
Dept1,658,Norene,Daniellot,206-26-5277,32340 Shelley Street,Fresno,California,93721,117628
Dept2,659,Powell,Jeynes,598-01-6917,86903 Stone Corner Way,Fort Worth,Texas,76105,62541
Dept3,660,Alistair,Scrivens,879-03-1319,67685 Center Point,Hartford,Connecticut,06160,107530
Dept3,661,Victoria,Gelland,423-35-5510,8965 Graceland Way,San Diego,California,92127,124733
Dept3,662,Arlinda,Kenvin,584-81-4130,94549 Tony Avenue,San Francisco,California,94116,123049
Dept1,663,Quill,McGilvary,621-93-1913,2633 Killdeer Crossing,Lubbock,Texas,79405,30936
Dept2,664,Tonie,Ghelarducci,124-09-4103,40 Southridge Crossing,Louisville,Kentucky,40298,64582
Dept3,665,Leonard,Glaysher,788-48-1889,0 Elka Street,Pittsburgh,Pennsylvania,15205,54110
Dept1,666,Donetta,Ansley,410-70-9103,999 Maryland Point,Stockton,California,95219,67490
Dept1,667,Christel,Isaksen,721-52-8527,68 Lakewood Hill,Omaha,Nebraska,68144,122068
Dept1,668,Juieta,Yuranovev,770-96-3334,95988 Clemons Place,Dallas,Texas,75221,108472
Dept2,669,Emmye,Gargett,598-72-3044,5 Merchant Center,Brooksville,Florida,34605,45238
Dept1,670,Noe,Pietron,551-18-4953,49 Sundown Street,Los Angeles,California,90035,47820
Dept3,671,Karisa,Umbert,895-83-1084,67927 Grasskamp Pass,Greensboro,North Carolina,27404,96417
Dept3,672,Merrie,Sondon,424-48-7076,3985 Vernon Center,Louisville,Kentucky,40225,111833
Dept3,673,Jimmie,Huxter,469-51-1313,852 Kinsman Lane,Austin,Texas,78778,42841
Dept1,674,Obie,Arnoldi,218-89-1101,476 Nancy Road,Honolulu,Hawaii,96805,25428
Dept1,675,Tanner,Whitmell,783-81-0875,76496 Springs Crossing,Gulfport,Mississippi,39505,116744
Dept1,676,Arvin,Turmall,709-60-5143,3950 Hallows Road,Miami,Florida,33142,38200
Dept1,677,Arther,Sonner,830-41-0085,552 Weeping Birch Lane,Washington,District of Columbia,20508,114933
Dept3,678,Mitchell,Letertre,678-67-5768,4 Norway Maple Drive,Buffalo,New York,14205,115523
Dept1,679,Dina,Gun,553-06-6629,832 Rigney Circle,Dallas,Texas,75342,35551
Dept2,680,Rorke,Thurston,434-08-7689,930 Jenifer Circle,New York City,New York,10150,102517
Dept2,681,Toinette,Lumsdall,807-59-3921,3 Spaight Way,Albuquerque,New Mexico,87105,94267
Dept2,682,Brigit,McClymond,424-11-9052,8 Division Drive,Aurora,Colorado,80045,84637
Dept2,683,Morse,Easun,879-82-7430,1 Killdeer Drive,Evansville,Indiana,47725,25512
Dept1,684,Randall,Gill,489-28-0052,7 Michigan Place,Orlando,Florida,32859,36108
Dept2,685,Odelle,Hourihan,710-70-6506,3 Glendale Parkway,Pinellas Park,Florida,34665,92006
Dept3,686,Hyatt,Hamlyn,302-98-9933,7 Prentice Street,Erie,Pennsylvania,16550,94844
Dept1,687,Lelah,Budleigh,742-67-8311,21 Oak Valley Center,Dallas,Texas,75205,63051
Dept2,688,Amaleta,Childes,158-75-1219,0 Waxwing Plaza,Macon,Georgia,31296,115637
Dept2,689,Mel,Moberley,281-85-3587,1 Nancy Pass,Texarkana,Texas,75507,38400
Dept3,690,Berni,Garmey,862-84-2768,458 Dakota Center,Philadelphia,Pennsylvania,19184,75137
Dept2,691,Evvy,Gravey,841-82-8955,72 Holy Cross Lane,Wilmington,Delaware,19805,116794
Dept2,692,Emmerich,Wisdom,459-01-9169,2686 Anthes Junction,New Orleans,Louisiana,70179,119763
Dept1,693,Si,Parman,416-54-5302,190 Lukken Pass,Chico,California,95973,108112
Dept1,694,Torey,Jervis,596-35-7206,496 Sutteridge Point,Las Vegas,Nevada,89105,106683
Dept1,695,Bobbee,Goodrich,289-33-9552,3 Hoard Lane,Oklahoma City,Oklahoma,73124,111573
Dept2,696,Pammy,MacLaig,309-75-3596,8 Scofield Park,Memphis,Tennessee,38136,29826
Dept2,697,Hatty,Stille,441-67-0840,6631 Center Hill,Minneapolis,Minnesota,55480,71482
Dept1,698,Mariya,Warbeys,216-56-0723,69 Elmside Way,Rochester,New York,14683,57377
Dept3,699,Nichole,Overton,855-07-2344,6 Parkside Court,El Paso,Texas,88579,31212
Dept1,700,Carine,Stapleton,452-51-9111,240 Bluestem Way,Fort Lauderdale,Florida,33315,101625
Dept2,701,Estevan,Bangham,497-89-5677,4650 Columbus Terrace,Irving,Texas,75037,100243
Dept1,702,Corrie,Toomer,824-07-3301,45231 Kenwood Crossing,Jackson,Tennessee,38308,111974
Dept3,703,Delmar,Connerly,339-48-7771,48553 Main Street,Cedar Rapids,Iowa,52405,91556
Dept2,704,Abie,O Mullen,831-08-2486,9906 Main Court,Bakersfield,California,93386,28083
Dept3,705,Lacee,Brimner,299-72-3470,02 Cody Drive,Lubbock,Texas,79405,63784
Dept2,706,Bernetta,Balazs,107-18-0680,8 Goodland Parkway,London,Kentucky,40745,123105
Dept1,707,Rosalia,Arlet,630-24-1256,58 Forest Court,Dallas,Texas,75221,32254
Dept2,708,Aurelie,Flint,244-48-1675,44 Pleasure Street,Birmingham,Alabama,35254,53443
Dept2,709,Pippa,Affleck,898-73-2017,5204 Shopko Court,North Las Vegas,Nevada,89087,61594
Dept1,710,Willis,Pioli,258-50-6203,6789 Pawling Alley,Lincoln,Nebraska,68583,69549
Dept3,711,Savina,Sitch,654-42-8405,4365 North Alley,Oklahoma City,Oklahoma,73152,77713
Dept2,712,Rees,Bockett,819-29-7789,239 Melby Place,New Orleans,Louisiana,70174,73494
Dept1,713,Hana,Wixon,651-93-8900,1264 Dorton Trail,Naples,Florida,34102,82319
Dept2,714,Daffy,O'Kerin,749-62-9496,06 Muir Junction,Akron,Ohio,44321,55965
Dept2,715,Drucy,Tockell,378-92-4083,7 Union Junction,Richmond,Virginia,23277,41093
Dept1,716,Clementia,Cantillon,248-75-5841,6734 Eliot Pass,Miami,Florida,33261,99235
Dept2,717,Aveline,Russe,182-88-5471,575 American Parkway,Abilene,Texas,79605,39254
Dept1,718,Orbadiah,Leeb,439-13-3711,75149 Hooker Park,Roanoke,Virginia,24014,86534
Dept1,719,Dino,Dymidowicz,793-42-2087,08 Moland Alley,Chattanooga,Tennessee,37405,73869
Dept1,720,Joscelin,McCole,433-06-3490,94 Lakewood Street,Dallas,Texas,75387,92093
Dept2,721,Enrico,Saller,236-25-1308,23645 Dennis Way,Champaign,Illinois,61825,118239
Dept3,722,Frasco,Margeram,751-82-4100,29734 Amoth Hill,Dearborn,Michigan,48126,59999
Dept3,723,Benoite,Pawlick,633-36-3178,637 Boyd Trail,Syracuse,New York,13224,85831
Dept2,724,Tabitha,Sevior,482-14-1555,5 Toban Court,Washington,District of Columbia,20535,81703
Dept1,725,Ichabod,Jeffery,561-10-9124,3 Cardinal Center,Springfield,Massachusetts,01129,66866
Dept3,726,Deeyn,Gillooly,289-29-1886,71650 Glendale Drive,Birmingham,Alabama,35210,105246
Dept1,727,Rosalinda,Huxley,211-01-6448,1 Vera Point,Boston,Massachusetts,02208,61478
Dept2,728,Olivette,Tees,556-54-9279,7 Schmedeman Road,Roanoke,Virginia,24048,90374
Dept2,729,Storm,Pottery,691-55-3603,78 Drewry Terrace,Salt Lake City,Utah,84125,63115
Dept3,730,Granville,Jandel,663-10-3586,129 Troy Pass,Bridgeport,Connecticut,06606,48386
Dept3,731,Ricki,Huckel,211-04-8808,43644 Crowley Place,Knoxville,Tennessee,37924,54949
Dept1,732,Gabbie,Watson-Brown,891-62-6642,99344 Northview Pass,Staten Island,New York,10305,106097
Dept1,733,Lucais,Rives,320-54-3976,68 Loeprich Plaza,Green Bay,Wisconsin,54313,102152
Dept3,734,Belinda,Breazeall,228-47-8753,05623 Vahlen Way,Pittsburgh,Pennsylvania,15261,47741
Dept3,735,Shalna,Hansard,271-91-2341,4 Nova Terrace,Las Vegas,Nevada,89166,121953
Dept3,736,Donetta,Luquet,688-01-7401,40 Dottie Drive,Montgomery,Alabama,36104,54635
Dept3,737,Taber,Agron,156-60-3972,48855 Nevada Parkway,Tampa,Florida,33633,83169
Dept2,738,Demetra,Atter,870-51-0440,37 Tomscot Trail,Fort Worth,Texas,76129,66125
Dept2,739,Dianna,Giller,850-90-1115,72910 Moose Circle,Corona,California,92878,103159
Dept1,740,Idalina,Blackey,316-08-9913,485 Bultman Center,Saint Cloud,Minnesota,56398,96476
Dept2,741,Benjamin,Binny,211-53-7707,698 Anthes Way,Bronx,New York,10459,34643
Dept1,742,Mandie,Blincowe,362-36-7600,3363 Mallory Terrace,Arvada,Colorado,80005,62274
Dept2,743,Nell,Caldwell,552-70-9641,62320 Johnson Terrace,Washington,District of Columbia,20029,98398
Dept3,744,Linda,Duddin,859-53-5827,25 Darwin Street,San Francisco,California,94142,105244
Dept3,745,Wat,Sawers,162-53-4772,37995 Eastwood Center,Detroit,Michigan,48224,121013
Dept1,746,Cesar,Di Franceschi,230-16-7174,5078 Jenifer Pass,Jefferson City,Missouri,65110,75515
Dept2,747,Robena,Haitlie,337-54-2631,2 Pine View Circle,Albuquerque,New Mexico,87190,83666
Dept2,748,Robin,Riseley,259-21-4888,7454 Stang Circle,Kalamazoo,Michigan,49048,110145
Dept2,749,Spenser,Worgen,816-34-0645,87 Clarendon Way,Richmond,Virginia,23242,86313
Dept2,750,Erinna,Iacofo,448-61-7911,380 Parkside Court,Fort Worth,Texas,76198,31989
Dept1,751,Leonerd,Harpin,341-34-9803,7 Stoughton Plaza,Omaha,Nebraska,68110,67384
Dept1,752,Almira,Wroughton,533-40-4566,775 Scofield Point,Fort Myers,Florida,33906,86880
Dept1,753,Sophia,Whapple,697-49-5981,79 Nobel Pass,Washington,District of Columbia,20540,88657
Dept2,754,Any,Woolbrook,810-48-6128,88 Fuller Pass,Jacksonville,Florida,32244,58776
Dept3,755,Bing,Dolligon,749-30-8402,52 Derek Junction,Raleigh,North Carolina,27690,66326
Dept3,756,Veronike,Pady,561-64-0647,45 Golf View Plaza,Louisville,Kentucky,40256,104631
Dept1,757,Ivie,Malthouse,404-72-8247,29622 Westend Avenue,Aiken,South Carolina,29805,45175
Dept2,758,Aksel,Claiton,475-07-0399,62869 Memorial Place,Spring Hill,Florida,34611,48309
Dept1,759,Tobye,Wimbury,390-75-0879,55 Mallard Hill,Trenton,New Jersey,08603,40783
Dept2,760,Kay,Jury,342-94-0295,15 Dottie Circle,Lubbock,Texas,79415,49074
Dept3,761,Dore,Shortland,449-84-7546,02 Lukken Street,Denver,Colorado,80217,110787
Dept3,762,Kelcy,Elldred,188-54-2340,1018 Corry Street,Fresno,California,93709,115705
Dept2,763,Baryram,Silberschatz,844-37-7273,6343 Quincy Point,Atlanta,Georgia,30301,33929
Dept2,764,Tracie,Pawlowicz,308-45-7814,6559 Larry Hill,Simi Valley,California,93094,103097
Dept3,765,Chrysler,Huddart,193-99-9235,9 Mallard Trail,Tallahassee,Florida,32309,57923
Dept2,766,Murdoch,Lorincz,816-75-7238,19232 Briar Crest Street,Spokane,Washington,99210,113495
Dept3,767,Say,Geffcock,820-08-5961,995 Clove Parkway,Little Rock,Arkansas,72222,54295
Dept2,768,Milicent,Kellar,285-75-2106,16756 Grover Parkway,Atlanta,Georgia,31119,58282
Dept2,769,Constancy,Temby,270-01-4481,39489 Lukken Plaza,Dayton,Ohio,45454,113521
Dept2,770,Farlie,Drewson,434-60-4254,1554 Valley Edge Lane,Saint Joseph,Missouri,64504,88342
Dept3,771,Reidar,Robertz,746-12-6954,097 Sycamore Center,Scottsdale,Arizona,85260,29599
Dept1,772,Latisha,Staniland,126-78-5241,1 Shelley Hill,Salt Lake City,Utah,84170,92097
Dept1,773,Lotty,Shmyr,390-76-4569,27 Sundown Court,New York City,New York,10004,36948
Dept1,774,Shamus,Bibey,557-89-8881,088 Sheridan Lane,Inglewood,California,90398,39626
Dept2,775,Enos,Scheffler,826-61-7851,767 Mandrake Hill,Charlotte,North Carolina,28230,27727
Dept2,776,Annissa,Fealy,108-71-5650,8768 Sundown Road,Gaithersburg,Maryland,20883,119097
Dept2,777,Piper,Duggan,388-20-0939,00815 Walton Alley,Round Rock,Texas,78682,60762
Dept3,778,Simeon,Schreurs,263-92-1699,565 Manley Terrace,Washington,District of Columbia,20010,58120
Dept1,779,Boone,Fateley,629-32-0863,6 Calypso Parkway,Cincinnati,Ohio,45296,118445
Dept3,780,Reeva,Skirving,297-94-5654,00 Wayridge Way,Washington,District of Columbia,20022,97761
Dept3,781,Madelin,Constant,474-63-0247,417 Mosinee Street,Phoenix,Arizona,85053,117414
Dept1,782,Findlay,Cowitz,596-45-1144,76071 Miller Plaza,Buffalo,New York,14269,37368
Dept1,783,Vitoria,Themann,177-34-4314,06195 Walton Way,Bridgeport,Connecticut,06673,65964
Dept3,784,Regine,Pickering,169-12-1258,0 Merrick Center,El Paso,Texas,88546,51799
Dept3,785,Terrill,Harbison,489-99-3539,7 Darwin Alley,Baton Rouge,Louisiana,70820,87131
Dept2,786,Gabriela,Weine,775-66-8189,496 Melvin Trail,Boston,Massachusetts,02109,26618
Dept3,787,Vivyan,Ransfield,253-36-4477,97 Union Crossing,Bethlehem,Pennsylvania,18018,104452
Dept3,788,Wolfgang,Morrill,773-02-0412,52262 Service Alley,Kansas City,Missouri,64153,106745
Dept1,789,Ketty,Budibent,126-36-1628,685 Bartillon Circle,San Francisco,California,94132,120208
Dept1,790,Karon,McKiernan,638-90-9468,25 1st Plaza,Minneapolis,Minnesota,55446,95222
Dept1,791,Walden,Briston,409-83-2528,1 Del Sol Terrace,Tampa,Florida,33694,27607
Dept2,792,Elbert,Hails,212-54-1603,1 Amoth Road,Winter Haven,Florida,33884,86462
Dept3,793,Nicolas,Retter,446-97-5954,38 Gerald Pass,Durham,North Carolina,27705,42953
Dept3,794,Korry,Azemar,261-24-9978,871 Sage Place,New York City,New York,10105,113403
Dept3,795,Rawley,Dumper,773-45-6407,43 Sullivan Plaza,West Palm Beach,Florida,33421,123384
Dept3,796,Jermaine,McTrustie,185-17-6497,0502 Duke Street,Long Beach,California,90840,121008
Dept2,797,Basilio,Stanbury,175-95-1082,307 Stuart Plaza,Louisville,Kentucky,40220,94788
Dept1,798,Derrek,Tolefree,187-10-1742,41241 Maple Road,Baton Rouge,Louisiana,70820,95225
Dept3,799,Alison,Mingard,593-95-4448,817 Delaware Trail,Topeka,Kansas,66629,59861
Dept1,800,Stacy,Pennoni,337-79-2841,9248 Dayton Place,Charlotte,North Carolina,28242,51678
Dept1,801,Ashia,Gurr,218-64-9958,51693 Ohio Junction,Denver,Colorado,80262,104653
Dept2,802,Bryanty,Peachey,586-47-9037,3 Loftsgordon Plaza,Macon,Georgia,31296,31743
Dept1,803,Marita,Marris,709-81-3936,5330 Westport Crossing,Oakland,California,94616,70165
Dept2,804,Kalil,Turnpenny,530-03-8344,8211 Hooker Terrace,Kansas City,Kansas,66105,36878
Dept3,805,Filberto,Zucker,684-68-5005,196 Thierer Alley,San Diego,California,92165,28961
Dept1,806,Alan,Halle,468-95-8844,62306 Tony Park,Lawrenceville,Georgia,30045,103862
Dept3,807,Maye,Niblett,441-20-8811,8 Briar Crest Circle,Cincinnati,Ohio,45203,103225
Dept3,808,Far,Millar,460-18-0119,606 Gina Pass,Colorado Springs,Colorado,80995,45535
Dept1,809,Lida,Scholl,857-50-8793,84532 Elgar Crossing,Memphis,Tennessee,38114,33341
Dept2,810,Corabel,Baumer,184-20-2738,6 Summerview Place,Seminole,Florida,34642,78014
Dept3,811,Damon,Huke,452-27-3084,1057 Paget Street,Washington,District of Columbia,20370,89978
Dept1,812,Clem,Medland,541-09-0521,7936 Declaration Trail,Irving,Texas,75062,34576
Dept1,813,Aldric,Molan,684-57-4587,32 Eagle Crest Drive,Dallas,Texas,75342,71653
Dept3,814,Siouxie,MacUchadair,604-47-7797,00 Prairieview Terrace,Sioux Falls,South Dakota,57198,103657
Dept2,815,Estell,Hellwich,851-21-8927,2 High Crossing Avenue,Atlanta,Georgia,31132,66252
Dept2,816,Golda,Doby,342-87-9220,18 Reindahl Center,Springfield,Illinois,62705,73293
Dept2,817,Guenna,Pennell,450-77-4092,7472 3rd Lane,Charleston,South Carolina,29403,120294
Dept2,818,Rhett,Dugood,765-94-2011,17217 Troy Terrace,Indianapolis,Indiana,46226,96613
Dept2,819,Diandra,Nursey,785-03-4865,3 Ridge Oak Trail,Topeka,Kansas,66606,86714
Dept1,820,Josy,Niessen,723-37-6128,0 Mifflin Parkway,Madison,Wisconsin,53779,94397
Dept1,821,Easter,Gilkes,694-47-8654,6 Carpenter Lane,Atlanta,Georgia,30386,37819
Dept3,822,Nell,Pead,337-03-1188,99 Tennyson Pass,El Paso,Texas,88579,39262
Dept3,823,Cristy,Franklin,131-07-3845,6 Kinsman Plaza,Shreveport,Louisiana,71105,30817
Dept3,824,Renell,Munnery,890-72-7004,7 Huxley Park,Beaverton,Oregon,97075,25125
Dept2,825,Sophronia,Geddis,582-90-0339,74 Ridgeway Alley,Portland,Oregon,97229,26288
Dept2,826,Reina,Gillimgham,587-39-5234,05313 Nancy Center,Tallahassee,Florida,32399,42659
Dept2,827,Reuven,MacLaren,320-88-6561,1497 Talisman Hill,Modesto,California,95397,101372
Dept3,828,Anatol,Ferraro,269-88-0941,8295 Hanover Alley,Raleigh,North Carolina,27635,82299
Dept1,829,Finlay,Batters,651-30-8103,0 Walton Parkway,San Antonio,Texas,78245,59189
Dept1,830,Edouard,Riddiough,168-79-7377,00 Blue Bill Park Trail,Albany,New York,12210,54777
Dept2,831,Annelise,Andreuzzi,897-56-6477,30 Elmside Trail,Seattle,Washington,98133,93567
Dept3,832,Karna,Arrighini,754-37-9042,5 Victoria Lane,Fresno,California,93740,84899
Dept1,833,Carri,Fearnyough,519-79-9788,64773 Mariners Cove Street,Des Moines,Iowa,50362,107214
Dept2,834,Rayshell,Bowness,654-62-5107,268 Gerald Terrace,Baltimore,Maryland,21282,47955
Dept3,835,Angel,Ryle,587-12-2443,944 Artisan Way,Moreno Valley,California,92555,42084
Dept2,836,Lilas,Hubatsch,697-47-4623,70 Roxbury Circle,Chicago,Illinois,60641,41069
Dept3,837,Sharron,Deporte,282-87-8846,73 Cottonwood Plaza,Corpus Christi,Texas,78426,85143
Dept1,838,Nerita,Behnke,434-74-0860,936 Kropf Parkway,Biloxi,Mississippi,39534,98619
Dept2,839,Juieta,Phythean,559-58-9521,059 Anniversary Center,Detroit,Michigan,48295,46085
Dept1,840,Isak,Baalham,801-96-3716,606 Lakewood Gardens Center,Charleston,West Virginia,25331,124441
Dept1,841,Merissa,Haggerty,564-70-6701,20160 Graceland Lane,Nashville,Tennessee,37228,101837
Dept3,842,Umeko,Meus,710-72-4144,242 Helena Lane,Trenton,New Jersey,08603,83718
Dept1,843,Saundra,Buckhurst,133-23-8905,84503 Jay Place,Saint Paul,Minnesota,55123,103674
Dept1,844,Davis,Secker,237-15-8482,840 Harbort Pass,Fresno,California,93750,82466
Dept2,845,Chrysa,Pavelka,316-26-6660,166 La Follette Avenue,Dayton,Ohio,45408,38639
Dept3,846,Nesta,Wenham,578-78-1407,4 Red Cloud Center,Orlando,Florida,32830,75859
Dept3,847,Chase,Pettingill,240-57-1004,072 Schurz Junction,Albuquerque,New Mexico,87140,45738
Dept1,848,Winston,Epine,120-25-4467,2374 Fulton Parkway,Birmingham,Alabama,35244,71212
Dept3,849,Vin,Austins,814-21-3779,569 Helena Drive,Pueblo,Colorado,81005,65174
Dept2,850,Mic,Bentham,738-44-4834,85550 Paget Drive,Tampa,Florida,33625,102340
Dept1,851,Leticia,Izkovici,230-34-4585,8347 Ruskin Terrace,Rochester,New York,14619,79318
Dept3,852,Reynard,Tooley,750-57-6364,082 Lindbergh Plaza,Lima,Ohio,45807,62726
Dept1,853,Ondrea,Matussevich,591-23-6568,15 Bay Avenue,Washington,District of Columbia,20557,50927
Dept3,854,Rafaelia,Fleury,216-57-7282,249 2nd Lane,Corpus Christi,Texas,78475,54009
Dept1,855,Demetrius,Reims,268-57-9487,625 Vera Pass,Huntsville,Texas,77343,62084
Dept2,856,Milton,Bennitt,489-35-5675,38529 Thierer Terrace,Long Beach,California,90840,62280
Dept3,857,Marcile,Brickett,719-42-6840,99 Bartelt Plaza,Santa Barbara,California,93111,122565
Dept3,858,Zora,Cockshot,746-25-3578,97081 Garrison Point,Detroit,Michigan,48295,117591
Dept3,859,Sena,Bertram,287-22-4206,027 Northview Park,Arlington,Texas,76096,105858
Dept1,860,Braden,Hatto,726-88-3147,803 Delladonna Alley,Rochester,New York,14604,119109
Dept2,861,Myrah,Fennelly,594-17-1567,01 Chive Terrace,Concord,California,94522,82428
Dept1,862,Berni,McKnockiter,593-82-0446,35804 Stuart Way,New York City,New York,10039,105734
Dept1,863,Clive,Gaunson,726-26-6225,47421 Corscot Avenue,Las Vegas,Nevada,89145,28590
Dept2,864,Ulrika,Maybury,835-35-3298,9 Chinook Crossing,Spring,Texas,77386,70094
Dept1,865,Rozelle,Kernocke,451-19-2550,38641 Annamark Drive,Houston,Texas,77030,80289
Dept2,866,Corrie,Rubinowitsch,510-29-9590,7251 Kingsford Lane,Naples,Florida,34102,86212
Dept3,867,Siegfried,Gammett,345-21-5233,59827 Caliangt Court,Nashville,Tennessee,37228,31186
Dept2,868,Blisse,Volks,281-22-7950,64553 Anhalt Court,Dallas,Texas,75205,38635
Dept3,869,Corny,Whitelock,118-93-5124,5 Sage Circle,Omaha,Nebraska,68179,29495
Dept3,870,Fanya,Lindwasser,701-68-1480,3 Aberg Circle,Ocala,Florida,34479,103649
Dept2,871,Tom,Reuss,500-25-5695,169 Butterfield Lane,Houston,Texas,77095,25914
Dept2,872,Elnora,McClements,442-48-8049,4 Meadow Ridge Court,Houston,Texas,77293,26069
Dept3,873,Fredrika,Sydall,171-01-1221,28471 Myrtle Circle,Dayton,Ohio,45414,37339
Dept2,874,Lucho,Oakeby,123-58-2161,37909 Derek Pass,Dallas,Texas,75236,83875
Dept1,875,Rozanne,Unitt,490-45-4892,01751 Erie Way,Dayton,Ohio,45490,66003
Dept3,876,Kizzie,Perrie,160-49-3491,1 Stang Junction,Miami Beach,Florida,33141,38904
Dept3,877,Kandy,Gianninotti,333-63-8306,66 Dayton Hill,Rochester,Minnesota,55905,38570
Dept3,878,Melitta,Meeson,781-50-8151,2615 Kensington Street,New Orleans,Louisiana,70129,61025
Dept3,879,Shandy,Macguire,389-65-5173,3953 Cardinal Place,El Paso,Texas,79999,101795
Dept2,880,Deloris,Chadbourn,593-76-2518,1 Magdeline Crossing,Boston,Massachusetts,02119,64353
Dept3,881,Doloritas,Kilbride,793-13-3828,08206 Spenser Avenue,Biloxi,Mississippi,39534,84596
Dept3,882,Kare,Strelitzer,369-63-9139,9 Monterey Street,Glendale,California,91210,57801
Dept2,883,Roxane,Pevreal,100-23-3565,17773 Independence Point,Los Angeles,California,90060,97699
Dept3,884,Corenda,Roxburch,610-07-2821,0878 Evergreen Alley,San Luis Obispo,California,93407,41459
Dept3,885,Eda,Gainsford,829-58-5078,58516 Division Junction,Albuquerque,New Mexico,87105,61839
Dept3,886,Alan,Christoffe,664-10-2903,8743 Melby Point,Shreveport,Louisiana,71161,27490
Dept1,887,Shell,Sivyour,294-92-0561,95965 Bartelt Alley,Los Angeles,California,90065,101894
Dept3,888,George,Essam,208-17-6594,5160 Forest Dale Drive,Miami,Florida,33124,36378
Dept1,889,Norton,Cauthra,564-03-6873,4673 Westend Terrace,San Diego,California,92196,76637
Dept1,890,Ernie,Elcomb,182-64-1173,89 Hayes Terrace,Jacksonville,Florida,32209,60921
Dept1,891,Corine,Greeding,221-69-1402,2 5th Center,Boston,Massachusetts,02203,54578
Dept1,892,Henderson,Hazeltine,448-01-0405,1 Debra Terrace,Great Neck,New York,11024,93414
Dept3,893,Nikoletta,Marple,524-54-0731,201 Eagan Street,Detroit,Michigan,48211,51657
Dept2,894,Shalna,Itzhak,431-93-9996,2 Pine View Court,Tulsa,Oklahoma,74108,84021
Dept1,895,Viv,Struther,119-89-6125,533 Lukken Hill,Brockton,Massachusetts,02405,80977
Dept2,896,Lilas,Hinckley,857-22-6930,758 Lake View Junction,Pasadena,California,91125,115905
Dept3,897,Jeromy,Capper,747-52-7853,2 Marcy Drive,Kansas City,Missouri,64153,31595
Dept1,898,Cesya,Crosetto,126-43-8792,815 Butternut Way,Washington,District of Columbia,20337,121168
Dept1,899,Hetty,Bethel,714-84-1274,4 Northfield Parkway,Ogden,Utah,84403,94845
Dept1,900,Dex,Walton,375-12-9345,6 Morning Lane,Baton Rouge,Louisiana,70815,36988
Dept1,901,Efrem,Jarry,473-90-6159,0 Granby Road,Alexandria,Virginia,22333,88043
Dept2,902,Lelah,Pinnock,156-70-0872,7 Dahle Junction,Lawrenceville,Georgia,30245,56776
Dept1,903,Ev,Rosenberg,184-21-0136,0 Vidon Plaza,Springfield,Illinois,62756,56156
Dept2,904,Theda,Soloway,703-26-5888,98 Oriole Court,Alexandria,Virginia,22309,84124
Dept2,905,Maxi,Ludlem,391-79-6229,90 Huxley Trail,Pensacola,Florida,32520,47153
Dept1,906,Andra,Pursehouse,841-63-9082,4 Corry Avenue,Lakeland,Florida,33805,53000
Dept2,907,Maurits,Rankmore,395-99-8011,206 Fremont Junction,Corpus Christi,Texas,78470,71556
Dept2,908,Humbert,Barosch,452-25-5270,48 Eagle Crest Plaza,Amarillo,Texas,79188,91961
Dept3,909,Stephie,Clemensen,485-12-1367,6811 Helena Crossing,Tampa,Florida,33615,110122
Dept2,910,Witty,Spradbrow,136-67-6301,04858 Ruskin Point,Austin,Texas,78769,84134
Dept3,911,Kristine,McGrill,478-33-1129,30676 Shelley Place,Lake Charles,Louisiana,70607,46813
Dept2,912,Catrina,Stonhouse,400-01-5086,51 Darwin Pass,Carson City,Nevada,89714,50325
Dept1,913,Viole,Arnaud,471-94-2207,8 Brentwood Crossing,Pocatello,Idaho,83206,95701
Dept1,914,Aleece,Keeffe,121-63-4990,45 Harbort Center,Chattanooga,Tennessee,37450,27175
Dept1,915,Kleon,Olyfant,798-70-4679,3781 Menomonie Court,Atlanta,Georgia,30301,88956
Dept3,916,Abbot,Hinkley,470-84-7774,7067 Raven Place,Miami,Florida,33129,42710
Dept2,917,Carmella,Mottini,770-45-7468,48815 Nova Crossing,Richmond,Virginia,23228,74353
Dept1,918,Doro,Fasson,554-36-5120,3 Southridge Hill,Raleigh,North Carolina,27621,113779
Dept3,919,Carolann,Berrie,395-26-5145,64 Meadow Vale Lane,Jeffersonville,Indiana,47134,123276
Dept1,920,Simmonds,Olifaunt,797-56-2850,103 Gerald Court,Milwaukee,Wisconsin,53210,80845
Dept1,921,Aviva,Titterington,421-51-6019,3445 Sunnyside Point,Knoxville,Tennessee,37995,61362
Dept1,922,Kacy,Levet,603-68-2443,2348 Mesta Center,New Orleans,Louisiana,70124,120553
Dept3,923,Cherilyn,Mourant,330-75-1012,685 2nd Point,Jeffersonville,Indiana,47134,92973
Dept2,924,Gardener,Petts,165-93-7689,7811 Bunting Drive,Cedar Rapids,Iowa,52405,75845
Dept2,925,Analise,Dewsbury,144-66-3997,72933 Carioca Junction,Valdosta,Georgia,31605,89671
Dept2,926,Marinna,Shorto,496-92-1689,71 Del Sol Point,Washington,District of Columbia,20404,60823
Dept2,927,Jaye,Edowes,298-12-5505,96480 Northfield Parkway,Tulsa,Oklahoma,74133,63965
Dept3,928,Geoff,MacKissack,704-57-4385,9882 Lighthouse Bay Crossing,El Paso,Texas,88541,110406
Dept3,929,Emmett,Konmann,195-88-7604,13 Springs Trail,Brooklyn,New York,11210,122028
Dept3,930,Keslie,Hickisson,682-50-7722,3 Riverside Court,Charleston,South Carolina,29416,45492
Dept3,931,Daniele,Vaskin,135-11-0398,85648 Monica Park,Tampa,Florida,33661,35649
Dept1,932,Kristofer,Canfield,336-23-1646,141 Valley Edge Pass,Bakersfield,California,93305,94572
Dept1,933,Stavro,Meake,381-14-3149,45 Eagle Crest Plaza,Staten Island,New York,10305,111252
Dept1,934,Leia,O'Cridigan,772-97-2305,63035 Fairfield Crossing,Brooklyn,New York,11231,114047
Dept1,935,Sharyl,Chadbourn,413-10-5394,35082 Declaration Point,Austin,Texas,78749,33889
Dept2,936,Katusha,Fermin,296-21-2477,292 Golf Course Pass,Tyler,Texas,75710,94989
Dept2,937,Ailis,Hazlehurst,739-44-5280,9 Warrior Way,Sacramento,California,95833,65238
Dept3,938,Helyn,Meletti,670-75-0492,0880 Veith Drive,Brooklyn,New York,11225,111601
Dept1,939,Susy,Hynd,128-54-8206,540 Ilene Trail,Alexandria,Virginia,22309,101320
Dept2,940,Ellyn,Yesenev,506-43-6684,19 Grasskamp Trail,Sparks,Nevada,89436,85663
Dept1,941,Sallie,Paolicchi,517-80-9297,281 Northview Court,Greensboro,North Carolina,27425,103498
Dept1,942,Casandra,Whitloe,898-07-3544,744 Marquette Court,Austin,Texas,78710,91102
Dept2,943,Lydia,Glendinning,708-22-0321,361 Brown Road,Daytona Beach,Florida,32118,36328
Dept2,944,Dianna,Gonsalo,777-47-9104,37757 Sheridan Alley,Boise,Idaho,83722,70548
Dept1,945,Lauren,Mosen,292-05-8612,714 2nd Way,Merrifield,Virginia,22119,88610
Dept3,946,Sabra,Colten,463-19-2596,9 Kenwood Parkway,Joliet,Illinois,60435,75028
Dept1,947,Diannne,Collet,746-85-4532,7 David Court,Pensacola,Florida,32590,92785
Dept2,948,Luigi,Carmen,540-52-6498,706 Sommers Parkway,Harrisburg,Pennsylvania,17140,111803
Dept2,949,Ali,Proudlove,243-48-4367,0 Clove Crossing,Portland,Oregon,97211,98558
Dept3,950,Janel,Inglish,437-29-0257,7562 Dunning Crossing,Greenville,South Carolina,29615,107918
Dept2,951,Anne-marie,Ashbe,301-02-1125,55 Debra Parkway,Richmond,Virginia,23237,107347
Dept3,952,Dalenna,Keems,407-50-7009,0897 Hanover Junction,Mesa,Arizona,85215,71163
Dept1,953,Debor,Oughton,815-75-3080,1 Leroy Avenue,Dallas,Texas,75310,59069
Dept1,954,Renie,Measom,624-48-5124,5 Vahlen Circle,Miami Beach,Florida,33141,43454
Dept3,955,Berton,Tripp,891-78-0571,720 High Crossing Crossing,Cincinnati,Ohio,45999,71886
Dept3,956,Danella,Mowsdell,813-57-5351,5898 Mesta Court,San Jose,California,95123,47233
Dept2,957,Christye,Dawtry,146-08-2196,8 Hauk Lane,Seattle,Washington,98185,110311
Dept1,958,Gus,Landal,741-68-3580,608 Garrison Way,Homestead,Florida,33034,40663
Dept3,959,Alta,Ruffler,329-52-9457,07 Donald Circle,Columbus,Mississippi,39705,64732
Dept3,960,Harley,Frisch,136-86-8126,85731 Grasskamp Parkway,Des Moines,Iowa,50347,36859
Dept2,961,Remus,Kidston,254-59-8484,924 Miller Parkway,Lubbock,Texas,79405,116253
Dept3,962,Linea,Bavester,619-60-6244,95 Harper Way,Philadelphia,Pennsylvania,19160,87469
Dept2,963,Hilario,Peyes,606-36-8370,7 Coolidge Center,Memphis,Tennessee,38181,88936
Dept1,964,Sherrie,Whitlaw,532-75-6597,16788 Oriole Alley,Lansing,Michigan,48901,107936
Dept3,965,Huey,Shipperbottom,727-08-6275,95145 Corscot Drive,Portland,Oregon,97221,74169
Dept1,966,Becky,Sywell,750-24-7359,4 Briar Crest Pass,Lexington,Kentucky,40581,69412
Dept3,967,Kirbie,Kennan,485-25-7898,6 Dwight Way,Chicago,Illinois,60657,101925
Dept2,968,Vernice,Bartelli,515-66-6839,1 Leroy Plaza,Miami,Florida,33185,81601
Dept3,969,Nana,Marcombe,508-79-6197,838 Moland Lane,New York City,New York,10165,41894
Dept1,970,Tori,Cholmondeley,466-79-3207,227 Independence Way,Saint Paul,Minnesota,55108,109902
Dept1,971,Issiah,Eustice,165-70-9258,874 Weeping Birch Road,Akron,Ohio,44310,67133
Dept3,972,Gerri,Georgeou,815-39-1946,395 Thierer Junction,Baton Rouge,Louisiana,70805,122851
Dept3,973,Othilia,Mordey,345-56-7301,50680 Esker Trail,Akron,Ohio,44310,35609
Dept2,974,Randy,Merrgan,370-13-5308,91471 Onsgard Junction,Houston,Texas,77266,28862
Dept2,975,Jasmin,Luquet,397-97-1625,33 La Follette Avenue,Charlotte,North Carolina,28220,113583
Dept1,976,Sallyann,Blucher,387-98-9649,5145 Mariners Cove Place,Evanston,Illinois,60208,39022
Dept1,977,Myer,Burehill,253-26-8978,24 Armistice Street,Denver,Colorado,80204,65511
Dept2,978,Tomlin,Stoves,252-36-4137,014 Sachs Parkway,Schenectady,New York,12305,25914
Dept3,979,Brynn,Mahy,313-44-8722,22 Loftsgordon Way,Midland,Michigan,48670,120202
Dept1,980,Sybil,Burehill,456-02-7859,6 Cascade Way,Oxnard,California,93034,40766
Dept2,981,Thomas,Petticrew,842-47-9130,424 Straubel Point,Charlotte,North Carolina,28289,96412
Dept2,982,Raphael,Burne,372-58-8577,84496 Sachtjen Crossing,Houston,Texas,77075,53154
Dept2,983,Rosemary,Cradick,217-12-6081,0 Di Loreto Drive,Sacramento,California,94257,37771
Dept1,984,Hermy,Antonov,559-99-5568,199 Walton Place,Washington,District of Columbia,20016,109523
Dept3,985,Norrie,Bowling,766-13-1330,502 Novick Court,Pasadena,California,91117,48457
Dept1,986,Sigismund,Cornilleau,269-26-3535,9 Oak Valley Lane,Cedar Rapids,Iowa,52410,106997
Dept3,987,Thomasine,Craghead,321-40-1703,51281 Anzinger Alley,Saint Joseph,Missouri,64504,55510
Dept1,988,Doralin,Goburn,427-30-5869,2210 Esker Road,Oklahoma City,Oklahoma,73167,33424
Dept3,989,Melessa,Phalp,766-96-8181,8959 Manley Plaza,Baltimore,Maryland,21229,65938
Dept1,990,Marylynne,Dautry,269-91-1130,27415 Boyd Plaza,Peoria,Illinois,61605,70002
Dept2,991,Neilla,Cossons,355-21-7126,02039 Gateway Terrace,Washington,District of Columbia,20036,113588
Dept1,992,Miles,Verny,100-89-3386,75 Forest Run Avenue,San Diego,California,92115,37839
Dept2,993,Aida,Culpen,461-69-9345,4001 Canary Lane,Philadelphia,Pennsylvania,19109,120934
Dept2,994,Sapphira,Hartzogs,195-22-7176,35 Manufacturers Park,Saint Louis,Missouri,63110,46030
Dept2,995,Robin,Pickvance,426-07-7945,53930 Maryland Plaza,Lawrenceville,Georgia,30045,99163
Dept2,996,Daphene,Neillans,591-64-9571,2532 Warner Place,Cleveland,Ohio,44111,110290
Dept2,997,Allie,Burwell,899-17-7241,45460 Pond Court,Washington,District of Columbia,20425,67241
Dept1,998,Jillayne,Sivyour,739-44-8888,43827 Debs Circle,Des Moines,Iowa,50362,84959
Dept2,999,Krisha,Bodleigh,731-91-3486,4 Harper Alley,Sacramento,California,94291,32655
Dept3,1000,Aurora,Bowgen,823-85-8259,6007 East Crossing,Visalia,California,93291,98296
